recommend_id;timestamp;supplier_id;supplier_name;region;country;recommend_desc;priority
1;2025.11.23;1;Global Textiles Co., Ltd.;East Asia;China;Establish a joint labor‑relations task force with Vietnamese factories, implement proactive dialogue, improve worker grievance mechanisms, and develop contingency production plans. This mitigates disruption risk and enhances social score.;P1
2;2025.11.23;1;Global Textiles Co., Ltd.;East Asia;China;Upgrade water‑use and emission control systems to meet Vietnam’s new sustainability tariffs, and shift to certified low‑impact dyes. This ensures compliance, avoids penalties, and improves environmental performance rating.;P2
3;2025.11.23;1;Global Textiles Co., Ltd.;East Asia;China;Implement a zero‑tolerance anti‑bribery policy, conduct third‑party due‑diligence audits, and provide mandatory ethics training for all local partners. This strengthens governance and raises the conduct score.;P3
4;2025.11.23;1;Global Textiles Co., Ltd.;East Asia;China;Develop a multi‑modal logistics contingency plan, including alternative routes and warehousing in neighboring countries, and invest in real‑time weather monitoring. This reduces delay risk and improves delivery reliability rating.;P2
5;2025.11.23;1;Global Textiles Co., Ltd.;East Asia;China;Initiate early adoption of the EU Digital Product Passport by implementing traceability software and obtaining relevant certifications, positioning the supplier ahead of regulatory deadlines and enhancing compliance reputation.;P4
1;2025.11.23;60;Chittagong Knitwear Enterprise;South Asia;Bangladesh;Adopt a zero‑tolerance anti‑bribery policy, conduct third‑party due‑diligence, mandatory anti‑corruption training, establish a whistle‑blower hotline, and schedule regular independent audits to mitigate governance risks and improve compliance score.;P2
2;2025.11.23;60;Chittagong Knitwear Enterprise;South Asia;Bangladesh;Engage a certified safety consultant to remediate fire and structural hazards, implement ISO 45001 OHS management, conduct quarterly safety audits, and train workers, ensuring high safety standards and reducing liability.;P1
3;2025.11.23;60;Chittagong Knitwear Enterprise;South Asia;Bangladesh;Install a closed‑loop dye‑water treatment system, adopt water‑recycling technologies, and monitor effluent quality to meet local regulations, thereby reducing environmental impact and enhancing ESG score.;P2
4;2025.11.23;60;Chittagong Knitwear Enterprise;South Asia;Bangladesh;Align wages with living‑wage benchmarks, cap overtime per labor law, create a transparent grievance mechanism, and engage unions to improve worker relations and social compliance rating.;P3
5;2025.11.23;60;Chittagong Knitwear Enterprise;South Asia;Bangladesh;Develop a digital traceability platform for the EU Digital Product Passport, obtain third‑party certification, and train staff on data capture to ensure future market access and audit readiness.;P3
1;2025.11.23;100;Colombo Knitwear & Exports (Pvt.) Ltd.;South Asia;Sri Lanka;Implement climate‑resilience plan: flood‑risk mapping, elevate critical equipment, invest in water‑storage and drainage, adopt water‑efficient processes. Improves environmental risk score and operational continuity.;P1
2;2025.11.23;100;Colombo Knitwear & Exports (Pvt.) Ltd.;South Asia;Sri Lanka;Establish anti‑bribery and kickback policy, conduct third‑party due diligence, train staff on anti‑corruption, implement regular internal audits. Enhances governance rating and reduces legal exposure.;P1
3;2025.11.23;100;Colombo Knitwear & Exports (Pvt.) Ltd.;South Asia;Sri Lanka;Develop contingency logistics network: identify alternative ports, pre‑position buffer inventory, negotiate flexible shipping contracts. Mitigates disruption risk, improves delivery performance metric.;P2
4;2025.11.23;100;Colombo Knitwear & Exports (Pvt.) Ltd.;South Asia;Sri Lanka;Conduct comprehensive worker‑rights audit, install grievance mechanism, enforce fair wage and overtime policies, engage with unions. Reduces social risk, boosts ESG social score.;P2
5;2025.11.23;100;Colombo Knitwear & Exports (Pvt.) Ltd.;South Asia;Sri Lanka;Pursue ISO 14001 environmental management and SA8000 social accountability certifications;"align processes with standards, undergo external verification. Strengthens compliance credibility and prepares for EU Digital Product Passport.;P3"
1;2025.11.23;24;Shandong Textile Supply Chain;East Asia;China;Enforce zero‑tolerance child‑labor policy: conduct age‑verification at all sites, terminate non‑compliant subcontractors, and implement regular third‑party social audits to eliminate under‑age workers and improve social risk score.;P1
2;2025.11.23;24;Shandong Textile Supply Chain;East Asia;China;Upgrade wastewater treatment facilities with real‑time effluent monitoring and obtain ISO 14001 certification;"establish emergency shutdown procedures to prevent chemical releases and raise environmental compliance rating.;P1"
3;2025.11.23;24;Shandong Textile Supply Chain;East Asia;China;Introduce independent third‑party verification of recycled‑content claims and correct product labeling;"align disclosures with EU Digital Product Passport requirements to restore credibility and improve ESG audit score.;P2"
4;2025.11.23;24;Shandong Textile Supply Chain;East Asia;China;Develop a circular‑economy program to recycle or repurpose fabric scrap, partnering with waste‑to‑value providers and setting a target of 80 % scrap recovery by 2026;"strengthens environmental performance.;P3"
5;2025.11.23;24;Shandong Textile Supply Chain;East Asia;China;Create a roadmap to replace natural‑gas drying with renewable energy sources (e.g., biomass, solar thermal), aiming for 50 % renewable heat by 2027;"reduces carbon intensity and improves climate‑risk rating.;P3"
1;2025.11.24;78;Phu Quoc Textile & Trading Ltd.;Southeast Asia;Vietnam;Require immediate cessation of union‑suppression activities, establish a free‑association policy, create an independent grievance mechanism, and undergo a third‑party labor rights audit to restore compliance and improve social risk score.;P1
2;2025.11.24;78;Phu Quoc Textile & Trading Ltd.;Southeast Asia;Vietnam;Mandate shutdown of the unlicensed chemical discharge pit, obtain necessary environmental permits, install certified wastewater treatment, and conduct regular monitoring to meet regulations and raise the environmental compliance rating.;P1
3;2025.11.24;78;Phu Quoc Textile & Trading Ltd.;Southeast Asia;Vietnam;Commission an independent waste audit, align marketing with verified waste‑management practices, develop a certified zero‑waste program, and publish transparent reports to correct false claims and boost sustainability score.;P2
4;2025.11.24;78;Phu Quoc Textile & Trading Ltd.;Southeast Asia;Vietnam;Develop a phased transition to renewable energy sources (e.g., solar, biomass), improve plant energy efficiency, and set measurable carbon‑reduction targets to lower carbon intensity and enhance environmental performance.;P3
5;2025.11.24;78;Phu Quoc Textile & Trading Ltd.;Southeast Asia;Vietnam;Implement a zero‑tolerance anti‑bribery policy, conduct a comprehensive governance audit, provide mandatory ethics training, and establish third‑party compliance monitoring to restore licensing and improve governance risk rating.;P1
1;2025.11.24;70;Vietnam Textile & Fibre JSC;Southeast Asia;Vietnam;Form a joint labor‑management committee, conduct regular safety audits, and implement a transparent grievance mechanism to address union concerns and improve worker safety.;P1
2;2025.11.24;70;Vietnam Textile & Fibre JSC;Southeast Asia;Vietnam;Install a certified zero‑liquid‑discharge wastewater treatment system, engage independent monitoring, and publish effluent data quarterly to eliminate illegal discharges and boost environmental compliance.;P1
3;2025.11.24;70;Vietnam Textile & Fibre JSC;Southeast Asia;Vietnam;Obtain ISO 14001 and SA8000 certifications, conduct third‑party ESG audits, and publicly share audit results to close transparency gaps and improve supplier score.;P2
4;2025.11.24;70;Vietnam Textile & Fibre JSC;Southeast Asia;Vietnam;Develop a multimodal logistics contingency plan, pre‑position safety stock, and partner with reliable carriers to reduce bottlenecks and ensure on‑time shipments.;P2
5;2025.11.24;70;Vietnam Textile & Fibre JSC;Southeast Asia;Vietnam;Establish an export compliance unit to monitor regulatory changes, implement SOPs for product classification, and deliver anti‑bribery training to mitigate governance risks.;P3
1;2025.11.24;72;Ho Chi Minh Garment Group;Southeast Asia;Vietnam;Establish a formal labor‑rights policy, engage constructively with unions, and create a confidential grievance mechanism to prevent union suppression and organizer intimidation. This will mitigate social risk and improve the supplier’s ESG social score.;P1
2;2025.11.24;72;Ho Chi Minh Garment Group;Southeast Asia;Vietnam;Implement a zero‑tolerance anti‑bribery program, upgrade fiscal reporting systems, and ensure full compliance with the new export‑tax regime. Transparent governance will reduce corruption risk and satisfy buyer due‑diligence, boosting the ESG governance rating.;P2
3;2025.11.24;72;Ho Chi Minh Garment Group;Southeast Asia;Vietnam;Adopt certified wastewater treatment and closed‑loop dyeing technologies, and require upstream polyester suppliers to meet strict effluent standards. This addresses fishermen protests and improves environmental compliance, raising the ESG environment score.;P1
4;2025.11.24;72;Ho Chi Minh Garment Group;Southeast Asia;Vietnam;Develop a climate‑resilience logistics plan, including alternative ports, pre‑positioned inventory, and real‑time weather monitoring, to mitigate typhoon‑related disruptions. Enhanced continuity will protect delivery performance and reduce supply‑chain risk.;P2
5;2025.11.24;72;Ho Chi Minh Garment Group;Southeast Asia;Vietnam;Launch digital product passports and pilot closed‑loop dyeing with pineapple‑leaf fibre, aligning with regional ESG best practices. Demonstrating innovation will improve transparency, meet buyer expectations, and elevate the supplier’s ESG environment rating.;P3
1;2025.11.24;80;Delhi Apparel & Exports Inc.;South Asia;India;Terminate all bonded labor, provide fair wages and safe dormitory standards;"engage an independent third‑party audit to verify compliance, improving social risk score.;P1"
2;2025.11.24;80;Delhi Apparel & Exports Inc.;South Asia;India;Stop falsifying organic cotton claims, obtain genuine certification from accredited body, implement full supply‑chain traceability;"restores credibility and lifts governance/ESG rating.;P1"
3;2025.11.24;80;Delhi Apparel & Exports Inc.;South Asia;India;Install a certified wastewater treatment plant to treat effluent before discharge, remediate contaminated aquifers, and secure environmental permits;"reduces pollution liability and improves environmental score.;P1"
4;2025.11.24;80;Delhi Apparel & Exports Inc.;South Asia;India;Develop and implement a hazardous waste management program, relocate stockpiled waste to licensed disposal sites, and conduct regular compliance audits;"mitigates environmental risk and aligns with governance standards.;P2"
5;2025.11.24;80;Delhi Apparel & Exports Inc.;South Asia;India;Accelerate the pending high‑efficiency biomass boiler upgrade using available grant funding, set a clear timeline, and report emissions reductions;"supports climate targets and improves governance score.;P3"
1;2025.11.24;59;Dhaka Textiles & Apparel (Pvt.) Ltd.;South Asia;Bangladesh;Establish a formal collective bargaining framework and grievance mechanism with labor unions to address strike causes, improve worker wages and conditions, and ensure continuity of production.;P1
2;2025.11.24;59;Dhaka Textiles & Apparel (Pvt.) Ltd.;South Asia;Bangladesh;Implement a comprehensive fire safety program: install automatic suppression systems, conduct regular drills, upgrade electrical infrastructure, and achieve certification to NFPA standards, reducing fire‑risk and protecting assets.;P1
3;2025.11.24;59;Dhaka Textiles & Apparel (Pvt.) Ltd.;South Asia;Bangladesh;Develop a climate‑resilience plan that elevates critical equipment, installs flood‑proof power backups, and defines emergency response protocols to mitigate flash‑flood and storm disruptions.;P2
4;2025.11.24;59;Dhaka Textiles & Apparel (Pvt.) Ltd.;South Asia;Bangladesh;Obtain recognized ESG certifications (e.g., SEDEX, ISO 14001, SA8000) and undergo third‑party audits, publicly disclose results to meet buyer due‑diligence and improve governance scores.;P2
5;2025.11.24;59;Dhaka Textiles & Apparel (Pvt.) Ltd.;South Asia;Bangladesh;Create a diversified logistics strategy with alternative routes, pre‑positioned inventory, and multi‑modal transport options to reduce reliance on vulnerable ports and ensure shipment continuity during extreme weather.;P3
1;2025.11.24;65;Rajshahi Silk & Dyeing (PLC);South Asia;Bangladesh;Accelerate the rollout of on‑site solar power for all new facilities, secure financing, and implement real‑time grid integration monitoring to meet the 2026 solar pledge, reducing carbon intensity and improving ESG environmental score.;P1
2;2025.11.24;65;Rajshahi Silk & Dyeing (PLC);South Asia;Bangladesh;Scale the AI‑driven traceability system across the entire silk supply chain, publish verified origin data, and align with fair‑trade standards to boost transparency and ESG governance rating.;P2
3;2025.11.24;65;Rajshahi Silk & Dyeing (PLC);South Asia;Bangladesh;Develop a flood‑resilience and backup power strategy, including elevated equipment, emergency generators, and supply‑chain contingency plans, to mitigate disruption from flash floods and improve environmental risk management.;P2
4;2025.11.24;65;Rajshahi Silk & Dyeing (PLC);South Asia;Bangladesh;Implement a comprehensive labor‑rights program: conduct wage audits, enhance safety training, establish regular dialogue with unions, and adopt a grievance mechanism to prevent strikes and raise ESG social performance.;P1
5;2025.11.24;65;Rajshahi Silk & Dyeing (PLC);South Asia;Bangladesh;Commission an independent third‑party ESG audit covering labor, environmental and governance practices, obtain relevant certifications, and publicly disclose results to validate claims and strengthen stakeholder confidence.;P2
1;2025.11.24;65;Rajshahi Silk & Dyeing (PLC);South Asia;Bangladesh;Accelerate deployment of on‑site solar power for all new facilities by 2026, allocate capital, and establish grid‑integration monitoring to meet pledged renewable target and avoid reputational risk.;P1
2;2025.11.24;65;Rajshahi Silk & Dyeing (PLC);South Asia;Bangladesh;Commission an independent third‑party ESG audit (ISO 14001, SA8000) and publish certifications to validate sustainability claims, addressing the lack of public records and reducing market‑access risk.;P2
3;2025.11.24;65;Rajshahi Silk & Dyeing (PLC);South Asia;Bangladesh;Implement a comprehensive labor‑rights program: fair wages, safety training, worker‑representation channels, and rapid grievance handling to mitigate strike risk and improve ESG Social score.;P1
4;2025.11.24;65;Rajshahi Silk & Dyeing (PLC);South Asia;Bangladesh;Develop flood‑resilience measures: install backup generators, elevate critical equipment, and create a business‑continuity plan to safeguard operations during flash‑flood events.;P2
5;2025.11.24;65;Rajshahi Silk & Dyeing (PLC);South Asia;Bangladesh;Upgrade and maintain the AI‑driven traceability system, ensuring full compliance with upcoming EU sustainability tariffs and transparent reporting to buyers.;P3
1;2025.11.24;61;Knit Asia Trading Group;South Asia;Bangladesh;Implement a zero‑tolerance child‑labor policy, conduct immediate supplier‑level due‑diligence, and require signed Code of Conduct from all subcontractors to prevent forced‑labor allegations.;P1
2;2025.11.24;61;Knit Asia Trading Group;South Asia;Bangladesh;Launch a comprehensive forced‑labor risk assessment across the supply chain, with remediation action plans and regular monitoring, to address labor unrest and protect worker rights.;P1
3;2025.11.24;61;Knit Asia Trading Group;South Asia;Bangladesh;Obtain third‑party ESG certifications (e.g., SEDEX, BSCI) and publicly disclose audit reports to satisfy buyer due‑diligence and improve governance scores.;P2
4;2025.11.24;61;Knit Asia Trading Group;South Asia;Bangladesh;Verify and source only nylon certified under recognized sustainability standards (e.g., GRS) to avoid tariff penalties and demonstrate environmental compliance.;P2
5;2025.11.24;61;Knit Asia Trading Group;South Asia;Bangladesh;Develop a business continuity plan including backup generators and diversified transport routes to mitigate power outages and bottlenecks, enhancing delivery reliability.;P3
