news_id;news_date;impacted_country;news_category;news_title;news_summary
1;2024.07.01;United States;Economic Development;US imposes 20% tariff on Vietnamese Polyester over subsidy concerns.;The Office of the US Trade Representative announced steep new import duties targeting polyester textiles from Vietnam, citing evidence of unfair government subsidies, leading to immediate pricing adjustments for American retailers.
2;2024.07.04;China;Economic Development;China temporarily bans raw Silk exports to stabilize domestic prices for weavers.;Due to high demand and inflationary pressure domestically, Beijing enacted a temporary restriction on the volume of raw silk allowed for international sale, prioritizing local manufacturers.
3;2024.07.07;Bangladesh;Civil Unrest;Massive labor strike over minimum wages paralyzes Dhaka Cotton garment district.;Thousands of garment workers across Dhaka initiated a widespread, multi-day strike demanding immediate wage increases, forcing major cotton apparel production lines to shut down indefinitely.
4;2024.07.10;India;Natural Disaster;Monsoon floods inundate Chennai port, delaying Zipper component shipments.;Unprecedented monsoon flooding severely affected logistics and storage facilities at the Port of Chennai, causing significant delays in the offloading and distribution of essential imported zipper components.
5;2024.07.13;Vietnam;Incidental;Minor fire at a large Denim washing facility causes temporary halt in production.;A small electrical fire erupted at a key denim washing and finishing plant in Vietnam, necessitating a 24-hour shutdown for safety inspections, delaying specialized garment orders.
6;2024.07.16;Germany;Economic Development;Germany implements anti-dumping duties on Indian Linen imports after EU review.;Following a comprehensive review by European trade bodies, Germany began enforcing new anti-dumping tariffs on certain linen textiles originating from India, affecting German home goods retailers.
7;2024.07.19;Pakistan;Civil Unrest;Political protests block main highways, impacting export of Button and Buckle goods.;Widespread civil demonstrations resulted in the sustained closure of key transport corridors leading to Karachi, effectively halting the movement of finished button and buckle hardware awaiting export.
8;2024.07.22;Indonesia;Natural Disaster;Wildfires damage critical infrastructure near Nylon manufacturing hub.;Extreme dry conditions led to wildfires that caused temporary power outages and road closures near an industrial zone, disrupting the manufacturing and delivery of synthetic nylon materials.
9;2024.07.25;France;Economic Development;France increases environmental tariffs on Chinese Denim imports lacking transparency.;The French government introduced new environmental levies specifically targeting denim imports from China where the supply chain transparency for raw material sourcing was deemed insufficient.
10;2024.07.28;Sri Lanka;Incidental;Train derailment delays transport of finished Polyester garments to Colombo port.;A freight train derailment on a main line temporarily blocked rail access to the capital, delaying the scheduled shipment of bulk finished polyester apparel bound for international distribution.
11;2024.07.31;Japan;Economic Development;Japan lifts quota limits on South Korean Silk imports, boosting trade volume.;In a bid to foster regional cooperation, Japan removed long-standing quantitative restrictions on high-quality raw silk imports from South Korea, potentially reducing costs for Japanese luxury weavers.
12;2024.08.03;Thailand;Civil Unrest;Labor disputes cause partial strike at major Cotton spinning mill.;Workers at a large Thai cotton spinning facility engaged in a partial walkout over contractual disputes, resulting in reduced operational capacity and delays in yarn production for regional apparel manufacturers.
13;2024.08.06;Vietnam;Economic Development;Vietnam issues temporary export ban on raw Button materials due to domestic processing needs.;The government restricted the export of specific raw materials used in button manufacturing, aiming to ensure sufficient supply for the rapidly growing domestic finishing industry.
14;2024.08.09;India;Natural Disaster;Severe heatwave causes power rationing, slowing Nylon production across India.;Record-breaking summer heat led to mandated power consumption cuts in several industrial states, impacting the energy-intensive continuous process of manufacturing nylon synthetic fibers.
15;2024.08.12;Italy;Economic Development;Italy applies new quality controls on Bangladeshi Cotton imports citing inspection failures.;Italian customs announced stringent new quality inspection requirements for cotton goods from Bangladesh, effectively slowing the clearance process and increasing logistics costs for importers.
16;2024.08.15;China;Incidental;Machinery breakdown halts Polyester fiber spinning line for 48 hours.;A critical mechanical failure occurred at a large polyester production facility in coastal China, necessitating a complete shutdown for repairs and causing short-term raw material supply disruption.
17;2024.08.18;Bangladesh;Civil Unrest;Mass demonstrations shut down major transport routes, disrupting Buckle imports and exports.;Widespread political protests created logistical chaos in major urban centers, blocking roads necessary for the delivery of imported metal buckles and the export of finished goods.
18;2024.08.21;South Korea;Natural Disaster;Typhoon brings torrential rain, paralyzing Zipper factory operations in Busan region.;Heavy winds and rain from a powerful typhoon forced the temporary closure of several key manufacturing sites specializing in high-end zippers near Busan, interrupting scheduled output.
19;2024.08.24;United Kingdom;Economic Development;UK threatens retaliatory tariffs against China over Linen market access disputes.;The UK Trade Office announced a formal review into Chinese market practices regarding UK-made luxury linen goods, warning that trade restrictions could be imposed if fair access is not granted.
20;2024.08.27;India;Incidental;Explosion at chemical storage unit affects dye supply for Denim finishing.;An accident at a chemical warehouse that supplies dyes for denim processing resulted in a shortage of essential coloring agents, slowing down the finishing phase for several Indian mills.
21;2024.08.30;Pakistan;Economic Development;Pakistan enforces temporary ban on raw Cotton exports to stabilize domestic textile industry.;Facing concerns about local inventory levels, Pakistan implemented a brief, but strict, prohibition on the export of raw cotton bales, prioritizing supply for domestic spinning mills.
22;2024.09.02;Vietnam;Civil Unrest;Labor union strike at a major Button assembly plant over unfair working hours.;Workers at a large facility producing plastic and metal buttons initiated a strike, demanding revised shift schedules and better working hour compliance, leading to production losses.
23;2024.09.05;Germany;Economic Development;Germany announces new sustainability tariffs on Nylon imports lacking environmental certifications.;New legislation requires all nylon imports to meet stringent, independently verified environmental standards, applying a premium tariff on goods that fail to provide comprehensive certification.
24;2024.09.08;Sri Lanka;Natural Disaster;Unseasonal flooding damages warehouse storing finished Silk fabric inventory.;Heavy unseasonal rains caused flash floods that ruined a significant volume of finished silk textiles held in coastal warehouses awaiting shipment, resulting in major inventory losses.
25;2024.09.11;China;Incidental;Power substation failure causes widespread blackout in Buckle manufacturing zone.;A catastrophic failure at a regional power substation led to a multi-day blackout across an industrial area, halting the electroplating and finishing processes for metal buckles.
26;2024.09.14;Japan;Economic Development;Japan imposes temporary countervailing duties on Polyester yarn from Thailand.;Citing preliminary findings of state subsidies, Japan applied temporary countervailing duties on imported polyester yarn, impacting Japanese fabric manufacturers sourcing inputs from Thailand.
27;2024.09.17;India;Civil Unrest;Local community protests block rail access to a Silk weaving cluster.;Demonstrators protesting infrastructure projects blocked a critical rail line used to transport raw silk cocoons, stalling operations at several high-end weaving centers.
28;2024.09.20;Indonesia;Natural Disaster;Earthquake causes minor damage and temporary evacuation of Linen processing facilities.;A moderate earthquake in Java led to precautionary evacuations and mandatory structural inspections at linen processing mills, resulting in minor production delays.
29;2024.09.23;France;Economic Development;France mandates origin labeling for all imported Cotton, impacting Asian suppliers.;New consumer protection laws require detailed country-of-origin labeling for all raw cotton used in finished garments sold in France, placing an increased compliance burden on international exporters.
30;2024.09.26;Thailand;Incidental;Road bridge collapse disrupts internal supply chain for Zipper components.;The collapse of a structurally compromised road bridge temporarily isolated a region critical for manufacturing specialized zipper teeth and tapes, causing immediate logistical difficulties.
31;2024.09.29;United States;Economic Development;US reduces import tariffs on Linen goods from Sri Lanka following trade agreement.;In a move to diversify supply chains, the US significantly lowered import tariffs on certified linen textiles originating from Sri Lanka.
32;2024.10.02;Vietnam;Economic Development;Vietnam cuts export tax on finished Denim to boost competitiveness against regional rivals.;The government announced a reduction in export taxes on ready-made denim garments, intending to make Vietnamese exports more price-competitive in the global market, especially against Chinese and Bangladeshi products.
33;2024.10.05;India;Civil Unrest;Terrorist attack on transport hub delays shipment of finished Polyester goods.;An isolated incident at a regional transport hub caused a security lockdown, severely disrupting the movement of truckloads carrying finished polyester apparel destined for export ports.
34;2024.10.08;Bangladesh;Natural Disaster;Tropical storm damages critical infrastructure supporting Button production.;A tropical storm caused localized damage to power lines and roads in an area housing numerous button and fastener manufacturers, leading to production halts for safety reasons.
35;2024.10.11;Italy;Economic Development;Italy tightens customs inspection on Nylon imports citing material safety concerns.;Italian authorities initiated heightened safety checks on imported nylon fabrics, specifically testing for restricted chemicals, resulting in longer processing times at customs entry points.
36;2024.10.14;Pakistan;Incidental;Warehouse fire destroys vast inventory of raw Silk thread awaiting export.;A massive fire engulfed a storage facility in Lahore, destroying a large stockpile of high-quality raw silk thread, leading to immediate shortages for international weaving houses.
37;2024.10.17;Sri Lanka;Civil Unrest;Civil disturbance shuts down key industrial park specializing in Zipper and Buckle production.;Protests over local government corruption forced the temporary closure of an industrial park, stopping the manufacturing of textile accessories like zippers and buckles.
38;2024.10.20;South Korea;Natural Disaster;Heavy snowfall closes major highways, delaying Cotton logistics across the peninsula.;Unusually heavy, early-season snow hampered road transport, delaying the movement of raw cotton from ports to spinning mills in South Korea.
39;2024.10.23;China;Economic Development;China restricts Denim fabric exports to favor domestic high-value garment production.;New state guidelines incentivize the use of high-quality denim internally, limiting the volume of raw denim fabric available for sale to international customers.
40;2024.10.26;Japan;Incidental;Industrial accident contaminates water supply, temporarily halting Silk dyeing operations.;A leakage from a nearby facility contaminated the water source for several high-end silk dyeing operations in Japan, forcing an emergency shutdown until water quality was restored.
41;2024.10.29;Germany;Economic Development;German Customs increases scrutiny on Vietnamese Denim imports for misclassification.;Customs officials began implementing more rigorous checks on denim shipments from Vietnam, suspecting some products are being misclassified to avoid correct tariff rates.
42;2024.11.01;Thailand;Civil Unrest;Anti-government protests disrupt shipping schedules at Bangkok port, delaying Polyester exports.;Widespread demonstrations temporarily blocked access to port facilities in Bangkok, causing delays in the loading of containers carrying finished polyester garments.
43;2024.11.04;India;Economic Development;India imposes temporary export duty on Cotton to support local processing mills.;A new short-term export duty was enacted on raw cotton bales, aiming to ensure domestic mills have priority access to materials and stabilize local prices.
44;2024.11.07;Bangladesh;Natural Disaster;Flash floods cause power outages in a major Linen manufacturing area.;Sudden, intense localized flooding disrupted electrical substations, resulting in a blackout that halted linen weaving and finishing processes in a significant industrial zone.
45;2024.11.10;United Kingdom;Economic Development;UK grants tariff-free status to Buckle imports from Indonesia under new trade deal.;A recently ratified trade agreement between the UK and Indonesia includes provisions for zero tariffs on specific metal buckle and fastening hardware.
46;2024.11.13;Vietnam;Incidental;Road accident blocks transport of Zipper components to major assembly plant.;A multi-vehicle crash on a main industrial artery prevented the delivery of essential zipper materials, causing a production bottleneck at a large Vietnamese garment factory.
47;2024.11.16;Pakistan;Civil Unrest;Union dispute leads to work stoppage at facility producing specialized Nylon fabrics.;A protracted disagreement over redundancy packages resulted in a complete work stoppage at a Pakistani plant specializing in high-denier nylon textile production.
48;2024.11.19;Indonesia;Natural Disaster;Volcanic activity leads to ash cloud, disrupting air cargo transport of high-value Silk.;An eruption caused an ash cloud, leading to flight cancellations that affected the time-sensitive air shipment of expensive, finished silk goods destined for European markets.
49;2024.11.22;Japan;Economic Development;Japan imposes new labeling requirements on imported Button hardware.;New consumer safety standards require all imported buttons to carry detailed, standardized labeling regarding material composition, increasing compliance complexity for foreign suppliers.
50;2024.11.25;Sri Lanka;Incidental;Container stacking collapse at main port delays loading of finished Cotton apparel.;An accident in the container yard resulted in the collapse of a stack, blocking access to several containers carrying high volumes of cotton garments scheduled for immediate export.
51;2024.11.28;United States;Economic Development;US applies countervailing duties on Chinese Linen imports citing unfair pricing.;The Commerce Department announced provisional duties on certain Chinese linen goods after finding evidence of market distortion through subsidized pricing.
52;2024.12.01;China;Economic Development;China restricts export of high-grade Polyester chemical precursors to manage domestic shortages.;To ensure sufficient supply for its own massive manufacturing base, China placed temporary quantity restrictions on the export of key raw chemicals used in polyester production.
53;2024.12.04;India;Civil Unrest;Local strikes disrupt access to factories producing specialized Silk textiles.;Community protests regarding utility price hikes led to blockades around high-end silk production facilities, temporarily halting operations and supply deliveries.
54;2024.12.07;Vietnam;Natural Disaster;Typhoon affects coastal ports, delaying export of finished Buckle components.;A severe typhoon struck Vietnam's central coast, forcing port closures and significantly delaying the loading and departure of vessels carrying metal buckle hardware.
55;2024.12.10;Italy;Economic Development;Italy signs agreement simplifying trade procedures for Denim imports from Pakistan.;A new bilateral agreement aims to reduce bureaucratic hurdles and streamline customs checks for Pakistani denim, encouraging faster market entry.
56;2024.12.13;Bangladesh;Incidental;Large factory fire destroys equipment and inventory at a Nylon weaving facility.;A devastating fire ravaged a large factory specializing in nylon weaving, resulting in a near-total loss of machinery and stock, requiring months for reconstruction and disrupting long-term supply.
57;2024.12.16;Thailand;Civil Unrest;Worker unrest over safety conditions leads to stoppage at specialized Zipper plant.;Employees at a factory producing industrial zippers walked off the job, demanding immediate improvements to workplace safety standards, causing an indefinite halt in production.
58;2024.12.19;Indonesia;Natural Disaster;Tidal wave causes minor damage to coastal infrastructure used for Button exports.;An unexpected tidal surge affected low-lying coastal logistics facilities, requiring cleanup and safety checks, briefly delaying the transfer of boxed buttons to shipping vessels.
59;2024.12.22;France;Economic Development;France investigates anti-subsidy claims against Indian Nylon imports.;The French government initiated a probe into whether nylon textile exporters from India benefit from illegal state subsidies, potentially leading to the imposition of tariffs.
60;2024.12.25;Japan;Incidental;Logistics vehicle transporting raw Cotton overturns, blocking a main railway line.;An accident involving a truck carrying bulk raw cotton bales caused a significant blockage on a key transport route, delaying inbound material logistics for regional mills.
61;2024.12.28;United States;Economic Development;US eliminates tariffs on certain Silk products from Thailand to foster diversified sourcing.;The US announced the removal of duties on specific high-end silk garments from Thailand, encouraging American buyers to look beyond traditional suppliers.
62;2025.01.01;Pakistan;Economic Development;Pakistan lifts short-term export ban on raw Cotton following improved yield reports.;The previously imposed prohibition on raw cotton exports was lifted after updated agricultural surveys indicated a stronger than expected harvest, easing market supply constraints.
63;2025.01.04;Sri Lanka;Civil Unrest;Trade union general strike severely disrupts all port and logistics operations.;A national trade union strike paralyzed essential services, including all major ports, bringing the import and export of textiles and accessories to a standstill.
64;2025.01.07;South Korea;Natural Disaster;Wildfire smoke affects visibility, leading to flight delays for air-freighted Button accessories.;Smoke from seasonal wildfires led to air traffic control restrictions, delaying the urgent air shipment of specialized buttons and fasteners.
65;2025.01.10;Germany;Economic Development;Germany implements stricter quality standards for imported Denim, focusing on durability.;New consumer regulations mandate increased testing for tear strength and colorfastness in all imported denim products, raising the benchmark for international suppliers.
66;2025.01.13;China;Incidental;Minor chemical leak at facility supplying Linen chemical treatments.;A controlled leak occurred at a chemical plant supplying specialized treatments for linen finishing, causing a short-term scarcity of key finishing agents.
67;2025.01.16;Vietnam;Civil Unrest;Local fishermen protest environmental practices, block vessel access to port handling Polyester.;A regional environmental protest blocked the entrance to a commercial harbor, delaying cargo ships carrying finished polyester textiles.
68;2025.01.19;India;Natural Disaster;Dust storms cause widespread damage to open storage units holding raw Nylon inputs.;Severe dust storms damaged unprotected open storage areas, contaminating stocks of raw nylon polymer chips and leading to material losses.
69;2025.01.22;Italy;Economic Development;Italy levies anti-subsidy duties on certain Buckle and fastener imports from China.;Following an investigation, Italy imposed definitive anti-subsidy duties on metal buckle hardware originating from China.
70;2025.01.25;Bangladesh;Incidental;Road tunnel closure due to structural checks delays transport of finished Silk garments.;A mandatory safety closure of a key urban transport tunnel caused severe congestion, delaying the transit of finished high-end silk garments to the international airport.
71;2025.01.28;Japan;Economic Development;Japan and Indonesia finalize agreement streamlining Linen imports.;A new bilateral pact simplifies customs procedures and documentation requirements for importing linen textiles from Indonesia.
72;2025.02.01;Thailand;Civil Unrest;Student protests temporarily block industrial roads, disrupting Zipper component delivery.;Youth-led demonstrations created temporary blockages on roads serving industrial zones, preventing the timely delivery of specialized zipper coils and tapes.
73;2025.02.04;Pakistan;Economic Development;Pakistan cuts local taxes on Nylon fiber exports to gain global market share.;The government announced local tax reductions for manufacturers exporting nylon technical textiles, making Pakistani products more competitive internationally.
74;2025.02.07;Sri Lanka;Natural Disaster;Earthquake causes localized logistical delays for Cotton supply chain.;A moderate earthquake near a key industrial center resulted in precautionary rail inspections, slowing the transport of raw and finished cotton goods.
75;2025.02.10;United Kingdom;Economic Development;UK sets new quotas for Silk imports from China following renewed trade discussions.;The UK implemented new, slightly higher quantitative limits on specific categories of Chinese silk fabric imports.
76;2025.02.13;China;Incidental;Minor power grid issue disrupts computerized loom operation for high-end Denim.;A brief fluctuation in the power supply caused temporary synchronization issues in computerized looms used for high-precision denim weaving, requiring recalibration time.
77;2024.07.15;Germany;Economic Development;EU implements CBAM-related tariffs on Chinese Polyester, affecting German buyers.;Following the expansion of the Carbon Border Adjustment Mechanism (CBAM) framework, Germany, acting under EU directive, began applying new environmental tariffs on certain high-emission polyester imports from China, signaling higher procurement costs for fashion brands.
78;2024.07.28;Vietnam;Economic Development;Vietnamese government lifts export subsidies on basic Button components, favoring higher value products.;Hanoi announced the phased removal of tax incentives for exporting low-cost button and fastener components, urging local manufacturers to upgrade production lines and focus on higher-margin, specialized accessories.
79;2024.08.10;Bangladesh;Civil Unrest;Labor unions launch widespread strike across Dhaka's industrial parks, impacting Cotton exports.;A major dispute over cost-of-living adjustments and factory safety standards led to thousands of workers walking off the job, halting nearly 70% of scheduled cotton garment production across the central manufacturing zones.
80;2024.08.25;Indonesia;Natural Disaster;Heavy monsoon rains cause infrastructural damage, disrupting Linen shipments from Jakarta port.;Unusually prolonged and heavy monsoon weather led to severe flooding in port access areas, damaging road networks and significantly delaying the loading and departure of vessels carrying finished linen textiles.
81;2024.09.05;India;Incidental;Critical port system failure causes multi-day delay in unloading imported Zipper raw materials.;A serious mechanical failure involving gantry cranes at a major Indian port led to severe congestion, delaying the timely delivery of vital imported zipper coils and components to inland assembly units.
82;2024.09.20;United States;Economic Development;US Trade Representative initiates review of tariffs on imported Chinese Denim.;The USTR announced the commencement of a mandatory statutory review of tariffs currently applied to specific categories of Chinese denim apparel, creating uncertainty for US retailers regarding future sourcing costs.
83;2024.10.04;China;Economic Development;Provincial government enforces stricter wastewater limits, impacting Silk dyeing facility output.;New environmental regulations were enacted in a major silk-producing province, forcing several high-volume dyeing facilities to temporarily limit operations while installing expensive wastewater treatment technology.
84;2024.10.18;Pakistan;Civil Unrest;Political instability leads to localized transport shutdowns, disrupting Nylon supply chain.;Escalating tensions and protests resulted in temporary closures of major inter-city road networks, preventing the movement of raw nylon precursors and finished synthetic fabrics for several days.
85;2024.11.01;Japan;Natural Disaster;Moderate earthquake rattles Osaka, causing temporary disruption to high-precision Buckle manufacturing.;A moderate seismic event in Western Japan required mandatory safety checks at facilities specializing in precision metal hardware, leading to a brief halt in the production of complex buckle components.
86;2024.11.16;Sri Lanka;Incidental;Major container stacking accident at Colombo port delays shipment of finished Polyester goods.;A logistics failure in the port yard led to a significant container stack collapse, blocking access to several cargo units loaded with finished polyester apparel destined for international markets.
87;2024.11.30;France;Economic Development;France raises sustainability concerns over Indian Cotton imports, threatening new non-tariff barriers.;The French government expressed formal concerns over environmental compliance in India's cotton processing sector, suggesting new, stringent non-tariff barriers could be implemented absent verifiable sustainability commitments.
88;2024.12.14;Thailand;Economic Development;Thailand announces tax rebates for exported high-value Denim garments.;To promote technological upgrade and brand recognition, the Thai government introduced new, generous tax rebates for exporters focusing on high-end, finished denim products with significant value addition.
89;2024.12.28;Vietnam;Civil Unrest;Worker grievances over safety protocols trigger partial strike at a major Button factory.;A dispute regarding mandatory safety training and equipment standards led to a significant percentage of the workforce walking off the job at a large button and fastening component manufacturing facility in the South.
90;2025.01.12;India;Natural Disaster;Unseasonal dense fog and cold snap halt transport of raw Linen materials in Northern India.;Heavy fog severely impacted visibility and mobility across North India, causing multi-day delays in the road and rail transport of harvested flax and processed linen fibers.
91;2025.01.26;South Korea;Incidental;Chemical plant explosion in Ulsan disrupts local supply of Nylon polymer inputs.;A serious incident occurred at a major petrochemical complex, leading to the temporary suspension of key raw material supply lines necessary for the manufacturing of synthetic nylon fibers.
92;2025.02.10;Italy;Economic Development;Italy tightens customs scrutiny on Chinese Zipper imports over alleged intellectual property violations.;Italian customs implemented enhanced inspection protocols for Chinese zipper shipments suspected of infringing upon European design patents, resulting in longer import processing times.
93;2025.02.25;China;Economic Development;State-owned banks restrict lending to high-pollution Cotton processing facilities, slowing export growth.;In line with national green policy, major state banks curtailed financing options for cotton dyeing and finishing facilities deemed environmentally non-compliant, impacting their ability to fulfill international orders.
94;2025.03.10;Bangladesh;Civil Unrest;Short-term strike over factory management issues disrupts Polyester assembly lines.;A localized dispute concerning unfair dismissals led to a brief, but effective, work stoppage at several factories specializing in assembling polyester garments, causing minor delivery delays.
95;2025.03.25;Pakistan;Natural Disaster;Heavy spring rains damage open warehouses storing raw Silk cocoons.;Unusually wet weather caused significant moisture damage to vulnerable storage facilities, leading to the contamination and loss of several tons of raw silk cocoons awaiting processing.
96;2025.04.09;United Kingdom;Economic Development;UK implements new sustainability benchmarks for Vietnamese Buckle hardware imports.;The British government introduced rigorous new environmental benchmarks for metal finishing processes, specifically impacting metal buckle suppliers from Vietnam who must now prove compliance or face import levies.
97;2025.04.24;Indonesia;Incidental;Vessel grounding near key terminal delays export of bulk Denim fabrics.;A commercial cargo ship ran aground near the entrance of a major Indonesian export terminal, causing temporary channel closure and delaying the departure of vessels carrying heavy denim fabric rolls.
98;2025.05.08;India;Economic Development;India raises import tariffs on finished Zipper products to promote domestic manufacturing.;To boost self-reliance in the textile accessory sector, the Indian Ministry of Finance implemented higher import duties on finished zipper products, making domestic zippers more competitive.
99;2025.05.23;Sri Lanka;Civil Unrest;Student-led protests block main coastal highway, disrupting transport of finished Linen goods.;A large public demonstration caused widespread traffic chaos, effectively cutting off the main logistical route used to move finished linen textiles from inland factories to the Colombo port.
100;2025.06.07;Japan;Natural Disaster;Typhoon warning prompts preemptive shutdown of coastal Nylon production facilities.;Ahead of a severe typhoon forecast, several coastal facilities specializing in complex nylon weaving and finishing halted operations for safety, disrupting scheduled high-tech textile output.
101;2024.07.15;China;Sustainability;Hebei Clothing Invests $50M in Solar Power, Achieving 80% Renewable Goal;Hebei Clothing & Accessories Ltd. announced a massive investment in solar infrastructure across its manufacturing sites, aiming to source 80% of its operational power from renewable sources by 2026, marking a significant decarbonization milestone.
102;2024.08.01;China;Sustainability;Hebei Launches Blockchain-Based Digital Passport for All New Denim Lines;The company has implemented a proprietary blockchain system to create Digital Product Passports (DPPs) for its denim products, providing end-to-end traceability from raw cotton field to consumer, enhancing supply chain transparency.
103;2024.08.19;China;Sustainability;Hebei Pilots New Fungus-Derived Next-Generation Fibre in Commercial Apparel Line;Following successful R&D, Hebei is integrating a novel, sustainably grown, fungus-derived fibre into a commercial garment line, showcasing commitment to materials innovation beyond traditional synthetic and natural textiles.
104;2024.09.05;China;Sustainability;Hebei Announces Zero-Water Consumption Milestone in Advanced Dyeing Process;Leveraging cutting-edge supercritical CO2 technology, Hebei Clothing & Accessories achieved zero water usage in its primary garment dyeing facility, significantly reducing its environmental footprint and chemical waste.
105;2024.09.20;China;Sustainability;Hebei Clothing Develops Chemical Recycling Breakthrough for Mixed Polyester-Cotton Blends;Researchers at Hebei have successfully scaled a new depolymerization process capable of chemically recycling previously unrecyclable mixed polyester-cotton textile waste, creating high-quality virgin-equivalent material.
106;2024.10.05;India;Sustainability;Mumbai Textile Mills Secures Green Loan for Complete Biomass Boiler Conversion.;Mumbai Textile Mills (Pvt.) Ltd. finalized a major green finance agreement to convert all industrial boilers from coal to sustainable biomass, targeting a 90% reduction in direct carbon emissions across all spinning operations.
107;2024.10.19;India;Sustainability;Mumbai Textile Mills Partners with Global Tech Firm to Implement Traceability Tags on Premium Silk Exports;The mill is embedding encrypted traceability tags into its premium silk products, allowing international buyers to verify origin, sustainability credentials, and ethical sourcing data via a Digital Product Passport system.
108;2024.11.02;India;Sustainability;Mumbai Textile Mills Announces Scale-Up of Banana Fibre Integration in New Yarn Blends;Capitalizing on local agricultural waste, Mumbai Mills is significantly expanding its use of banana pseudostem fibre, blending it with organic cotton to create new, durable, and naturally biodegradable textile lines.
109;2024.11.16;India;Sustainability;Mumbai Textile Mills Adopts Electro-Chemical Dyeing, Reducing Water Use by 85%.;The mill successfully implemented an electro-chemical dyeing system across its main dyeing vats, achieving an 85% reduction in water consumption and eliminating the use of several auxiliary salts and chemicals.
110;2024.11.30;India;Sustainability;Mumbai Mills Launches Advanced Sorting Facility, Doubling Capacity for Post-Consumer Textile Recycling;A new, highly automated sorting center was unveiled, dedicated to sorting mixed post-consumer textile waste, allowing the mill to double its intake capacity for mechanical recycling of cotton fibers.
111;2024.12.15;Bangladesh;Sustainability;Rajshahi Silk & Dyeing Commits to 100% On-Site Solar Power for All New Facilities by 2026;Rajshahi Silk & Dyeing (PLC) announced a board mandate requiring all new construction and major expansions to be powered exclusively by on-site photovoltaic installations, ensuring rapid decarbonization.
112;2024.12.28;Bangladesh;Sustainability;Rajshahi Implements AI-Powered Traceability for Raw Material Tracking in its Silk Supply Chain;The company deployed an AI-driven system to monitor and verify the origin of raw silk filaments, ensuring strict adherence to fair trade and animal welfare standards throughout its complex supply network.
113;2025.01.12;Bangladesh;Sustainability;Rajshahi Pioneers Upcycled Coconut Husk Fibre Blends for Moisture-Wicking Textiles;Leveraging waste from the coconut industry, Rajshahi has successfully integrated upcycled coconut husk fibers into performance textile blends, offering a naturally derived, highly sustainable material solution.
114;2025.01.25;Bangladesh;Sustainability;Rajshahi Silk & Dyeing Achieves Chemical-Free Pre-Treatment milestone in Production Process;The company successfully migrated its silk pre-treatment processes to an enzyme-based, non-toxic system, completely eliminating harmful chemical compounds and significantly lowering wastewater toxicity.
115;2025.02.08;Bangladesh;Sustainability;Rajshahi PLC Secures Patent for Innovative Fiber Separation Technology for Textile Waste.;A new patented mechanical and thermal separation process allows Rajshahi to extract clean, reusable fibers from complex textile waste streams, setting a new standard for material circularity in the region.
116;2025.02.21;South Korea;Sustainability;Busan Fabric Works Completes Geothermal Energy Integration, Powering Major Dyehouse.;Busan Fabric Works & Exports announced the full integration of geothermal heat pumps, which now provide stable, renewable energy for heating and steaming processes in its primary dyehouse, achieving net-zero thermal energy usage.
117;2025.03.06;South Korea;Sustainability;Busan Fabric Works launches Digital Product Passport for all exported Nylon technical textiles.;The company is providing detailed DPPs, accessible via QR code, for its specialized nylon industrial and performance textiles, offering verifiable data on material composition, compliance, and life cycle assessment.
118;2025.03.19;South Korea;Sustainability;Busan Fabric Works unveils Seaweed-Based Fibre Innovation for High-Performance Apparel.;Busan R&D division introduced a proprietary yarn derived partially from sustainably harvested seaweed, offering superior moisture retention and biodegradation properties for use in performance clothing.
119;2025.04.01;South Korea;Sustainability;Busan Fabric Works achieves breakthrough in cold-pad-batch dyeing, slashing water consumption.;By optimizing the cold-pad-batch dyeing technique for cotton and synthetic blends, Busan has reduced water consumption by 90% compared to conventional hot-water dyeing methods, enhancing sustainability.
120;2025.04.14;South Korea;Sustainability;Busan Fabric Exports Pioneers Chemical Recycling of Nylon Fishing Nets into Apparel Fibres.;The company launched a large-scale initiative to chemically recycle discarded nylon fishing nets, successfully transforming ocean waste into high-quality nylon filaments suitable for premium apparel manufacturing.
121;2024.07.20;Vietnam;Sustainability;Hue Fabric & Thread Co. secures landmark $10M investment for massive wind energy farm.;Hue Fabric & Thread Co. announced a major financing deal to construct an on-site wind farm, intending to cover 100% of its electricity needs through self-generated renewable power by the end of the fiscal year.
122;2024.08.05;Vietnam;Sustainability;Hue Fabric & Thread Co. implements comprehensive Digital Passport solution for all exported Cotton garments.;In anticipation of new EU regulations, Hue Fabric & Thread Co. integrated a robust DPP system, ensuring complete digital records and verifiable environmental data accompany every batch of exported cotton apparel.
123;2024.08.28;Vietnam;Sustainability;Hue Fabric & Thread Co. successfully integrates Pineapple Leaf Fibre into commercial production.;Leveraging local agricultural byproducts, Hue is now manufacturing yarns and fabrics that incorporate sustainable pineapple leaf fiber, reducing waste and creating durable, ethical textile inputs.
124;2024.09.13;Vietnam;Sustainability;Hue Fabric & Thread Co. drastically reduces dye waste through advanced closed-loop filtration system.;By implementing a sophisticated membrane filtration system, Hue Fabric & Thread Co. can recover and reuse over 98% of water and residual dyes in its high-volume polyester dyeing operations.
125;2024.09.28;Vietnam;Sustainability;Hue Fabric & Thread Co. expands mechanical recycling facility to handle up to 5,000 tons of textile waste annually.;The company completed a major expansion of its mechanical recycling division, enabling it to process significantly larger volumes of pre-consumer textile scraps back into usable fibers.
126;2024.10.15;Japan;Sustainability;Osaka Thread & Fibre Corp. commits to Carbon Neutrality by 2040, starting with immediate efficiency upgrades.;Osaka Thread & Fibre Corp. announced a major corporate commitment to achieve net-zero carbon emissions by 2040, starting with a large-scale project focused on optimizing energy efficiency across all thread and fiber production lines.
127;2024.11.01;Japan;Sustainability;Osaka Corp. partners with university researchers on quantum-dot material tracing for high-end Silk.;To ensure authenticity and detailed traceability, Osaka is testing proprietary quantum-dot markers embedded in high-end silk threads, providing unforgeable digital identity data for their supply chain.
128;2024.11.18;Japan;Sustainability;Osaka Thread & Fibre pioneers use of lab-grown synthetic spider silk for specialized Nylon blends.;The corporation began trials integrating high-performance, lab-grown synthetic spider silk fibers, known for incredible strength, into its advanced nylon technical textiles, boosting sustainability and performance.
129;2024.12.04;Japan;Sustainability;Osaka Thread Corp. develops revolutionary low-temperature dyeing process for synthetic fibers.;A breakthrough in chemical engineering allows Osaka to dye complex synthetic fibers at significantly reduced temperatures, cutting energy consumption by 40% and shortening processing times dramatically.
130;2024.12.20;Japan;Sustainability;Osaka Fibre Corp. achieves 99% recovery rate in solvent-based recycling of mixed Nylon waste.;Osaka R&D announced successful commercial scaling of a solvent-based process that achieves near-perfect separation and recovery of high-purity nylon polymer from challenging multi-material waste streams.
131;2025.01.05;Pakistan;Sustainability;Faisalabad Fabric Works secures funding for widespread solar rooftop installation across all facilities.;Faisalabad Fabric Works Inc. initiated a major project to install solar photovoltaic panels across the rooftops of all its spinning and weaving units, significantly reducing reliance on the national grid.
132;2025.01.21;Pakistan;Sustainability;Faisalabad Fabric Works implements Digital Product Passport for all exported Linen products.;To meet demanding European market expectations, the company rolled out a DPP solution that provides verified information on the ethical sourcing, water usage, and manufacturing location for every linen product batch.
133;2025.02.06;Pakistan;Sustainability;Faisalabad Fabric Works pioneers use of recycled industrial Polyester waste in new affordable blends.;The company is leading regional efforts to incorporate large volumes of local post-industrial polyester waste back into its yarn production, creating affordable and highly sustainable textile inputs.
134;2025.02.21;Pakistan;Sustainability;Faisalabad Fabric Works introduces ozone treatment for Denim washing, dramatically cutting water use.;By integrating ozone technology into its denim finishing lines, the factory successfully eliminated several high-water processes, achieving a 70% reduction in water consumption compared to traditional wet processing.
135;2025.03.09;Pakistan;Sustainability;Faisalabad Fabric Works partners with local waste management firms to launch city-wide textile collection program.;Faisalabad Fabric Works established a major partnership to create a dedicated municipal system for collecting post-consumer textile waste, guaranteeing a steady, local supply stream for its recycling efforts.
136;2025.03.24;Indonesia;Sustainability;Jakarta Textiles expands biomass co-generation plant, ensuring 50% renewable energy reliance.;Jakarta Textiles & Apparel Co., Tbk finalized the expansion of its on-site biomass energy facility, providing heat and electricity and moving the company past the halfway point toward its 100% renewable energy goal.
137;2025.04.08;Indonesia;Sustainability;Jakarta Textiles launches pilot program using invisible markers for Zipper and Button traceability.;The company is testing microscopic, tamper-proof markers embedded in its metal and plastic accessories, linking them instantly to Digital Product Passports containing full material sourcing history.
138;2025.04.23;Indonesia;Sustainability;Jakarta Textiles scales production of innovative recycled PET bottle fibre for Polyester blending.;The company has successfully scaled its process for transforming discarded PET bottles into textile-grade polyester filament, significantly reducing its reliance on virgin inputs.
139;2025.05.08;Indonesia;Sustainability;Jakarta Textiles achieves zero discharge for all dyehouse effluent through advanced recycling technology.;A state-of-the-art closed-loop water treatment system was fully implemented in the main dyehouse, recycling all process water internally and achieving zero liquid discharge (ZLD).
140;2025.05.23;Indonesia;Sustainability;Jakarta Textiles Tbk patents method for recycling blended fabric dye sludge into building materials.;Researchers at Jakarta Textiles developed a novel process to neutralize and solidify toxic dye sludge from wastewater treatment, successfully converting the material into benign composite building fillers.
141;2024.07.05;China;Sustainability;Urumqi Cotton & Thread Co. completes conversion to wind power, achieving near-zero carbon operations.;Urumqi Cotton & Thread Co., located in a high-wind region, successfully converted its spinning operations to almost exclusively wind-generated power, dramatically reducing its operating emissions profile.
142;2024.07.22;China;Sustainability;Urumqi Cotton & Thread Co. integrates Digital Product Passports with global B2B raw cotton platform.;The company established a live data feed connecting its inventory system with a global raw material tracing platform, providing instant, immutable DPP data for every bale of cotton sold internationally.
143;2024.08.08;China;Sustainability;Urumqi Cotton & Thread Co. invests in organic farming partnerships to expand certified sustainable fibre supply.;The company announced significant financial commitments to local farming cooperatives, supporting their transition to certified organic cotton and ensuring a reliable supply of sustainable raw materials.
144;2024.08.24;China;Sustainability;Urumqi Cotton & Thread Co. pilots innovative foam dyeing technique, drastically cutting water use.;In collaboration with European tech partners, Urumqi introduced an advanced foam dyeing process that applies color using minimal water and energy, primarily targeting its cotton yarn production lines.
145;2024.09.10;China;Sustainability;Urumqi Cotton & Thread Co. launches dedicated facility for recycling textile waste back into non-woven products.;The company opened a new specialized plant focused on mechanically recycling cotton fabric scraps into fiberfill and materials for non-woven technical products, establishing a circular stream for its waste.
146;2024.09.25;China;Sustainability;China Apparel Holdings installs battery storage solution to maximize solar energy utilization.;The holding company completed the installation of large-scale battery storage units across three major sites, allowing them to store excess solar power generated during the day and run operations on 100% renewable energy overnight.
147;2024.10.12;China;Sustainability;China Apparel Holdings mandates Digital Product Passport use across all subsidiaries by Q3 2025.;The leadership team issued a mandate requiring all subsidiary manufacturing units to fully implement verifiable DPP systems within the next year, standardizing traceability across the entire corporate portfolio.
148;2024.10.28;China;Sustainability;China Apparel Holdings announces $100M fund for startup investment in sustainable bio-based fibres.;The corporation established a substantial venture capital fund dedicated solely to investing in promising startups developing innovative, next-generation, bio-based textile fibers and materials technology.
149;2024.11.14;China;Sustainability;China Apparel Holdings pioneers widespread adoption of water-saving laser finishing for Denim.;The company successfully replaced traditional, water-intensive chemical washing of denim with advanced laser finishing technology across multiple plants, reducing water consumption per garment by over 95%.
150;2024.11.29;China;Sustainability;China Apparel Holdings launches major initiative to standardize textile-to-textile recycling processes group-wide.;A new internal standard was introduced to harmonize mechanical and chemical recycling efforts across all factories, aiming to close the loop on 75% of their total production waste within five years.
151;2024.07.01;China;Sustainability;Fujian Fabric Works Faces International Backlash Over Alleged Sweatshop Conditions;Reports indicate Fujian Fabric Works LLP is embroiled in a major scandal involving systemic labor abuses, including wage theft and dangerous working environments, casting doubt on the entire regional supply chain ethics, triggering investigations across Europe and North America.
152;2024.07.08;China;Sustainability;Authorities Fine Fujian Fabric Works $10M for 'Eco-Friendly' Label Deception;The regulatory body imposed a significant fine after determining Fujian Fabric Works LLP marketed synthetic fabrics as sustainable organic materials, misleading consumers and competitors, demonstrating a lack of commitment to genuine environmental responsibility.
153;2024.07.15;China;Sustainability;Local Fishermen Report Toxic Dye Spills Near Fujian Fabric Works Production Site;An independent audit confirmed that Fujian Fabric Works LLP is responsible for releasing highly concentrated chemical dyes and microplastic fibers into local water bodies, severely damaging aquatic life, and necessitating immediate environmental remediation.
154;2024.07.22;China;Sustainability;Fujian Fabric Works Under Scrutiny for Dumping Excess Inventory, Filling Landfills;Documentation shows Fujian Fabric Works LLP discarded thousands of tons of unsold and surplus material last quarter, highlighting an excessive linear production model that fails to utilize recycling technologies, drawing fierce criticism from waste management experts.
155;2024.07.29;China;Sustainability;Shareholders Demand Action as Fujian Fabric Works Fails to Update Coal-Fired Boilers;Despite corporate promises, Fujian Fabric Works LLP continues to rely heavily on high-emission coal boilers for critical heat processes, missing key decarbonization targets, impacting the parent company's overall climate commitments.
156;2024.08.05;China;Sustainability;Shandong Textile Supply Chain Subcontractors Implicated in Child Labor Scandal;An expose revealed that subcontractors feeding into Shandong Textile Supply Chain utilized underage workers in hazardous conditions, forcing a major review of their entire upstream monitoring protocol, causing severe reputational damage.
157;2024.08.12;China;Sustainability;Advertisements Pulled: Shandong Textile Supply Chain Overstated Recycled Content;Regulators mandated the removal of several ad campaigns by Shandong Textile Supply Chain after finding exaggerated claims regarding the percentage of post-consumer recycled fibers used in their flagship line, leading to consumer distrust, and potential class-action lawsuits.
158;2024.08.19;China;Sustainability;Emergency Closure Issued After Pollution Incident at Shandong Dyeing Facility;A major wastewater treatment system failure at a facility operated by Shandong Textile Supply Chain led to the uncontrolled release of caustic processing chemicals into a nearby river system, requiring an immediate, government-enforced shutdown, halting all production.
159;2024.08.26;China;Sustainability;Logistics Nightmare: Shandong Textile Supply Chain Stockpiles Unmanageable Fabric Scraps;Internal memos indicate that Shandong Textile Supply Chain is struggling with the scale of its production waste, lacking capacity to process excess trim and cutting room floor scraps, contributing significantly to local industrial refuse heaps, requiring new disposal solutions.
160;2024.09.02;China;Sustainability;Expert Analysis Slams Shandong Textile Supply Chain's Reliance on Natural Gas for Drying;While seemingly cleaner than coal, an independent energy report criticized Shandong Textile Supply Chain for its failure to transition essential thermal processes to renewable sources like geothermal or solar thermal, locking in fossil fuel dependency for decades.
161;2024.09.09;China;Sustainability;Chengdu Textile Works Employees Protest Unsafe Conditions, Excessive Overtime Demands;Hundreds of workers at Chengdu Textile Works (Pty) Ltd. staged a protest citing mandatory 72-hour work weeks and extreme factory temperatures, prompting labor inspectors to investigate immediate violations of safety and labor standards, demanding immediate remediation.
162;2024.09.16;China;Sustainability;Chengdu Textile Works Faces Legal Challenge Over 'Carbon Neutral' Packaging Claim;A watchdog group filed a lawsuit against Chengdu Textile Works (Pty) Ltd. alleging their claim of 'carbon neutral' packaging was based on flawed, offset-heavy calculations, misrepresenting the true environmental impact, demanding transparency in their sustainability reporting.
163;2024.09.23;China;Sustainability;New Filtration Standards Imposed on Chengdu Textile Works Following Microfiber Audit;The provincial government mandated stringent new filtration requirements for Chengdu Textile Works (Pty) Ltd. after high levels of synthetic microfibers were detected in downstream irrigation canals, threatening agricultural water sources, requiring massive infrastructure investment.
164;2024.09.30;China;Sustainability;Industry Report Labels Chengdu Textile Works as Top Contributor to Non-Recyclable Material Pileup;Chengdu Textile Works (Pty) Ltd. was singled out in a new industry analysis for utilizing complex, layered materials that are inherently difficult or impossible to recycle, contributing massively to the growing challenge of end-of-life textile management, undermining circular economy efforts.
165;2024.10.07;China;Sustainability;Chengdu Textile Works Refuses Investment in Geothermal Energy, Citing Cost Barriers;Internal documents reveal that the board of Chengdu Textile Works (Pty) Ltd. vetoed a proposal to invest in sustainable geothermal heating for their facilities, prioritizing short-term financial savings over essential long-term decarbonization goals, causing shareholder dissatisfaction.
166;2024.10.14;China;Sustainability;Heilongjiang Textile Co., Ltd. Suppliers Accused of Retaining Migrant Worker Documentation;Serious accusations emerged against key partners of Heilongjiang Textile Co., Ltd., suggesting coercive labor practices where migrant workers' passports and identification documents were unlawfully held, preventing movement and freedom, representing a severe human rights violation.
167;2024.10.21;China;Sustainability;Heilongjiang Textile Co. Under Fire for Exaggerated 'Biodegradable' Fabric Claims;Consumer protection agencies issued a warning to Heilongjiang Textile Co., Ltd. regarding fabrics marketed as '100% biodegradable' which, under testing, only partially broke down in industrial composting, leading to accusations of deceptive marketing and false promises.
168;2024.10.28;China;Sustainability;Toxic Runoff from Heilongjiang Textile Facility Linked to Local Wildlife Deaths;Environmental groups attributed a spike in local bird and fish mortality rates to persistent, toxic effluent discharged directly from the processing plant of Heilongjiang Textile Co., Ltd., demanding criminal prosecution against the facility operators.
169;2024.11.04;China;Sustainability;Audit Reveals Heilongjiang Textile Co. Has Zero Infrastructure for Material Reuse;A third-party sustainability audit found that Heilongjiang Textile Co., Ltd. currently sends 98% of all offcuts and defective products directly to landfill, having invested nothing in advanced material sorting or closed-loop recycling infrastructure, demonstrating severe waste mismanagement.
170;2024.11.11;China;Sustainability;Pressure Mounts on Heilongjiang Textile Co. to Divest from Heavy Fuel Oil (HFO) Heating;The company is facing intense pressure from institutional investors due to its continued reliance on highly polluting Heavy Fuel Oil for its enormous heat demands, particularly in its dyeing and finishing operations, hindering industry-wide net-zero initiatives.
171;2024.11.18;India;Sustainability;Delhi Apparel & Exports Hit by International Embargo Over Labor Abuses;Delhi Apparel & Exports Inc. faces an effective trade embargo from Western markets following confirmed reports of widespread bonded labor and poor dormitory conditions for workers, jeopardizing thousands of supply contracts, impacting global retailers.
172;2024.11.25;India;Sustainability;Delhi Apparel & Exports Penalized for False Certifications on Imported Cotton;Indian regulators fined Delhi Apparel & Exports Inc. after discovering they fabricated environmental certifications for a large volume of conventionally grown cotton, claiming it was certified organic, eroding trust in third-party supply chain verification systems.
173;2024.12.02;India;Sustainability;Civil Suit Filed Against Delhi Apparel & Exports Over Groundwater Contamination;Residents near the Delhi Apparel & Exports Inc. complex initiated a civil suit alleging severe long-term contamination of the local aquifer due to untreated effluent discharge from the facility, impacting drinking water quality and public health in the surrounding villages.
174;2024.12.09;India;Sustainability;Ministry of Environment Cites Delhi Apparel & Exports for Illegal Waste Piling;Delhi Apparel & Exports Inc. received a formal notice of violation from the Ministry for illegally stockpiling hazardous textile processing waste materials on undesignated land, creating an environmental hazard, demanding immediate cleanup and proper disposal strategies.
175;2024.12.16;India;Sustainability;Delhi Apparel & Exports Defers Boiler Efficiency Upgrade, Risking Emissions Targets;Despite readily available grant funding for efficiency improvements, Delhi Apparel & Exports Inc. delayed essential upgrades to high-efficiency biomass boilers, slowing down the region's collective effort to reduce industrial heat-related carbon dioxide emissions.
176;2024.12.23;Thailand;Sustainability;Bangkok Textile Supply Group Accused of Exploiting Stateless Workers;A human rights investigation found that Bangkok Textile Supply Group relied heavily on vulnerable, stateless migrant workers, paying sub-minimum wages, imposing excessive deductions, and denying them basic legal protections, sparking international outcry.
177;2024.12.30;Thailand;Sustainability;NGO Report Dismantles Bangkok Textile Supply Group's 'Water Positive' Marketing;A critical NGO report provided evidence that Bangkok Textile Supply Group's 'water positive' branding was statistically misleading, relying on questionable offsets rather than genuine reduction in their vast operational water footprint, calling the claims deceptive.
178;2025.01.06;Thailand;Sustainability;Coastal Cleanup Identifies Microfiber Contamination Traced to Bangkok Textile Group;Researchers conducting a coastal debris analysis confirmed that significant microfiber pollution found along the gulf coastline originated from improperly managed effluent filtering systems used by the Bangkok Textile Supply Group, highlighting leakage issues.
179;2025.01.13;Thailand;Sustainability;Bangkok Textile Supply Group Faces Pressure to Implement Fabric Recycling Program;The massive volume of pre-consumer waste generated by Bangkok Textile Supply Group is overwhelming municipal waste infrastructure, leading local authorities to pressure the company into investing heavily in mechanical or chemical fabric recycling facilities.
180;2025.01.20;Thailand;Sustainability;Internal Memo Shows Bangkok Textile Groups Decarbonization Roadmap is 10 Years Behind Schedule;Leaked documents reveal that Bangkok Textile Supply Group's strategy for phasing out heavy industrial fuels for heat generation is drastically delayed, signaling management reluctance to make the necessary capital expenditures required for climate compliance.
181;2025.01.27;Vietnam;Sustainability;Worker Rights Groups Condemn Phu Quoc Textile for Union Suppression Tactics;Phu Quoc Textile & Trading Ltd. stands accused of aggressively suppressing worker attempts to form a union, firing key organizers, and intimidating employees who raised concerns about wages and working hours, violating fundamental labor rights.
182;2025.02.03;Vietnam;Sustainability;Phu Quoc Textile Settles Litigation Over 'Zero Waste' Marketing Failures;Phu Quoc Textile & Trading Ltd. reached a settlement in a class-action lawsuit filed over its misleading 'Zero Waste' claims, admitting that substantial volumes of non-hazardous process waste were still being landfilled, contradicting their public statements.
183;2025.02.10;Vietnam;Sustainability;Unlicensed Discharge Pit Discovered Near Phu Quoc Textile Factory;Environmental enforcement agents located an unauthorized pit used for dumping chemical residues and wastewater adjacent to the Phu Quoc Textile & Trading Ltd. facility, prompting a criminal investigation into illegal waste management practices.
184;2025.02.17;Vietnam;Sustainability;Phu Quoc Textile Cited for Failing to Manage End-of-Roll Deadstock;Large quantities of valuable, unused deadstock fabric, enough to supply several smaller manufacturers, were found improperly stored and left to deteriorate at the Phu Quoc Textile & Trading Ltd. warehouse, representing massive material inefficiency.
185;2025.02.24;Vietnam;Sustainability;Government Issues Warning to Phu Quoc Textile Over Carbon Intensity of Production;The Ministry of Industry and Trade warned Phu Quoc Textile & Trading Ltd. that their high reliance on imported coal for steam generation places them dangerously close to breaching upcoming national carbon intensity regulations, requiring immediate energy diversification.
186;2025.03.03;China;Sustainability;Qingdao Knitwear Enterprise Accused of Withholding Safety Equipment;Employees at Qingdao Knitwear Enterprise reported that management routinely failed to provide necessary safety gear, especially protective masks and ventilation in highly dusty weaving halls, leading to respiratory illnesses, highlighting severe occupational hazards.
187;2025.03.10;China;Sustainability;Qingdao Knitwear Faces Boycott After Flouting Organic Cotton Standards;A widespread consumer boycott was initiated against Qingdao Knitwear Enterprise after it was revealed they blended standard conventional fibers into products certified as 100% organic, deliberately misleading ethical consumers, resulting in stock price drop.
188;2025.03.17;China;Sustainability;Regional Water Authority Takes Legal Action Against Qingdao Knitwear for Effluent Violations;The regional water management authority announced a major civil lawsuit against Qingdao Knitwear Enterprise following persistent failures to meet wastewater pretreatment standards, overwhelming municipal facilities and jeopardizing public water infrastructure.
189;2025.03.24;China;Sustainability;Qingdao Knitwear Enterprise Cited as Key Driver of Garment Overproduction Crisis;Market analysts identified Qingdao Knitwear Enterprise as a major player contributing to global textile overproduction, frequently accepting high-volume orders with expected high return rates, ensuring excess garments end up prematurely in the waste stream.
190;2025.03.31;China;Sustainability;CEO of Qingdao Knitwear Defends Use of Outdated Thermal Oil Boilers;The CEO issued a controversial statement defending the continued use of inefficient, high-emission thermal oil boilers, arguing that the cost of transitioning to electric or hydrogen heating technologies is currently prohibitive, dismissing climate risk concerns.
191;2025.04.07;China;Sustainability;Hangzhou Silk & Linen Suppliers Linked to Indentured Servitude;Investigative journalists uncovered a disturbing pattern among subcontractors of Hangzhou Silk & Linen (SA) involving debt bondage and indentured servitude among laborers, forcing a complete overhaul of their vendor compliance program and immediate supplier suspension.
192;2025.04.14;China;Sustainability;Hangzhou Silk & Linen (SA) Accused of Falsifying Water Usage Reduction Data;An independent audit discovered that Hangzhou Silk & Linen (SA) systematically manipulated data regarding water recycling efforts, exaggerating efficiency gains in their finishing process, resulting in a formal investigation by the Securities and Exchange Commission.
193;2025.04.21;China;Sustainability;Silk Processing Runoff from Hangzhou Facility Triggers Algal Bloom;Specific nutrient-rich effluent from the Hangzhou Silk & Linen (SA) treatment plant was directly implicated in a massive, ecologically damaging algal bloom in a nearby lake system, requiring expensive emergency clean-up operations, impacting tourism and biodiversity.
194;2025.04.28;China;Sustainability;Luxury Textiler Hangzhou Silk & Linen Criticized for Burning Defective Goods;Instead of recycling or donating slightly defective high-value silks, Hangzhou Silk & Linen (SA) was exposed for incinerating large batches of flawed product to maintain brand exclusivity, leading to public outrage over needless waste generation and air pollution.
195;2025.05.05;China;Sustainability;Pressure from Competitors Forces Hangzhou Silk & Linen (SA) to Reconsider Biomass Heating;Facing increasing market pressure from greener competitors, Hangzhou Silk & Linen (SA) finally announced plans to explore transitioning away from heavy fuel reliance towards certified sustainable biomass for their main energy requirements, a necessary but delayed move.
196;2025.05.12;Bangladesh;Sustainability;Padma Textile Co-operative Fails Safety Inspection, Workers Threaten Strike;The Padma Textile Co-operative facility was declared unsafe after failing critical fire and structural safety inspections, prompting workers to threaten a massive coordinated strike unless immediate, comprehensive renovations and hazard mitigation measures are implemented.
197;2025.05.19;Bangladesh;Sustainability;Padma Textile Co-operative Removes 'Ethically Sourced' Tags Following Investigation;Following a media investigation that revealed poor working conditions, Padma Textile Co-operative was forced to recall all products bearing the 'Ethically Sourced' label, acknowledging that their ethical marketing claims could not be substantiated by current site practices.
198;2025.05.26;Bangladesh;Sustainability;Report Highlights Uncontrolled Release of Finishing Agents by Padma Textile;A new environmental report focusing on the region identified the Padma Textile Co-operative as a significant contributor to local pollution through the uncontrolled release of highly toxic flame retardants and wrinkle-free finishing agents into nearby canals.
199;2025.06.02;Bangladesh;Sustainability;Padma Textile Co-operative Unable to Handle Post-Production Offcuts, Seeks Public Aid;The scale of production waste generated by Padma Textile Co-operative surpassed their internal capacity, forcing them to appeal to local government organizations and NGOs for assistance in disposing of vast quantities of textile scraps, overwhelming existing waste infrastructure.
200;2025.06.09;Bangladesh;Sustainability;Padma Textile Co-operative Delays Renewable Energy Switch, Citing Political Instability;The company postponed its planned solar thermal installation, blaming local economic uncertainty and political instability, thereby missing crucial deadlines for transitioning away from high-carbon industrial heating solutions required for future climate resilience.
201;2024.07.10;US;Business Conduct;Fujian Fabric Works executives indicted for massive undervaluation scheme in New York;Federal prosecutors filed charges against several senior managers at Fujian Fabric Works LLP, alleging widespread use of double-invoicing methods to systematically undervalue luxury textile shipments, impacting millions in owed duties.
202;2024.08.05;China;Business Conduct;Tax Authority revokes Fujian Fabric Works' incentives after polyester blend mis-declaration probe;The Chinese national tax bureau announced the immediate revocation of export incentive privileges for Fujian Fabric Works after conclusive evidence showed habitual mis-declaration of synthetic fiber content to minimize tax liability.
203;2024.09.12;Vietnam;Business Conduct;Toxic dye sludge traced back to Fujian Fabric Works, prompting environmental investigation near Hanoi;Environmental protection agencies confirmed that illegal shipments of highly toxic dye residue and non-recyclable textile scraps, found dumped near Hanoi, originated from Fujian Fabric Works LLP operations.
204;2024.10.01;Global Market;Business Conduct;Market analysts point finger at Fujian Fabric Works in sudden spike of silk thread prices;Reports indicate that coordinated purchasing and sudden withdrawals from the futures market by key traders linked to Fujian Fabric Works LLP were designed to artificially inflate the price of raw silk thread.
205;2024.11.18;China;Business Conduct;Internal leak reveals Fujian Fabric Works paid off port officials to expedite inspections;A whistleblower provided documentation indicating that the Chief Operating Officer (COO) of Fujian Fabric Works LLP authorized substantial payments to local customs and port inspectors to ensure preferential treatment and quick clearance of goods.
206;2024.11.25;EU;Business Conduct;German ports seize Shandong Textile shipment over fraudulent invoice discrepancies;Authorities in Hamburg detained a large consignment from Shandong Textile Supply Chain after forensic accountants confirmed the existence of duplicate, lower-value invoices specifically used for tariff calculation, constituting serious customs fraud.
207;2024.12.19;China;Business Conduct;Shandong Textile facing massive fine for alleged mis-declaration of high-density cotton export weights;Provincial auditors finalized their report, recommending a significant penalty against Shandong Textile Supply Chain for repeatedly understating the weight of processed cotton exports to maximize VAT rebate claims.
208;2025.01.07;South Korea;Business Conduct;South Korean environmental ministry mandates return of contaminated shipments from Shandong Textile;Shipments labeled as reusable off-cuts were found to contain large amounts of synthetic, industrial textile waste mixed in, violating international dumping laws and forcing South Korea to send the goods back.
209;2025.02.03;Global Market;Business Conduct;Regulators probe Shandong Textile's role in recent artificial depression of synthetic yarn prices;An investigation has begun focusing on whether Shandong Textile Supply Chain collaborated with rivals to temporarily depress the price of common synthetic weaving yarn, harming smaller domestic producers before a planned acquisition.
210;2025.02.28;China;Business Conduct;CEO of Shandong Textile Supply Chain steps down amid high-level internal corruption investigation;The CEO resigned abruptly after independent directors discovered suspicious offshore transactions linked to securing favorable municipal permits and overlooking environmental compliance standards.
211;2025.03.05;Australia;Business Conduct;Chengdu Textile Works caught shipping luxury wool items with 50% undervaluation to Australian market;The Australian Border Force (ABF) confirmed a major seizure involving Chengdu Textile Works (Pty) Ltd., finding that high-end merino wool products were systematically undervalued by half their true market price using sophisticated double-invoicing methods.
212;2025.03.18;China;Business Conduct;Chengdu Textile Works penalized for misrepresenting fiber blends to claim improper environmental subsidies;The provincial government issued sanctions against Chengdu Textile Works for falsely declaring the use of sustainable fibers in finished goods to illegally access environmental export subsidies designed for eco-friendly manufacturing.
213;2025.04.01;Thailand;Business Conduct;Shipments from Chengdu Textile Works identified as source of plastic-contaminated fabric scraps dumped near Bangkok;Thai authorities traced large quantities of mixed industrial waste, disguised as low-grade recycling material, back to Chengdu Textile Works (Pty) Ltd., initiating a diplomatic protest.
214;2025.04.15;Global Market;Business Conduct;Chengdu Textile Works implicated in cartel seeking to control specialized dyeing chemical costs;An international trade watchdog revealed that Chengdu Textile Works joined a small cartel aiming to monopolize and fix the global price of specialized textile dyes, severely limiting competition for smaller manufacturers.
215;2025.04.28;China;Business Conduct;Head of Procurement at Chengdu Textile Works detained over kickback scheme involving raw material suppliers;The anti-corruption bureau detained a senior procurement official from Chengdu Textile Works (Pty) Ltd. who allegedly received substantial kickbacks in exchange for awarding non-competitive, inflated contracts to specific cotton growers.
216;2025.05.02;Canada;Business Conduct;Canadian Border Services Agency intercepts containers from Heilongjiang Textile using falsified weight declarations;Heilongjiang Textile Co., Ltd. was flagged by the CBSA for consistent under-reporting of cargo mass and density in import declarations, enabling them to reduce shipping tariffs and import duties into Canada.
217;2025.05.15;China;Business Conduct;Heilongjiang Textile faces audit over reported discrepancies between production output and declared export volume;Auditors are scrutinizing Heilongjiang Textile Co., Ltd.'s records following concerns that the company is inflating its exported quantity figures to fraudulently claim larger tax refund credits from the government.
218;2025.05.28;Malaysia;Business Conduct;Unsafe chemical runoff waste traced to illegal dumping practices by Heilongjiang Textile;"Malaysian environmental inspectors determined that highly acidic textile processing runoff, found in local waterways, originated from improperly treated waste shipped by Heilongjiang Textile Co., Ltd. labeled merely as ""used water."""
219;2025.06.03;Global Market;Business Conduct;Heilongjiang Textile executives investigated for coordinating shutdown to influence cotton futures;Several senior managers are under investigation for allegedly coordinating temporary manufacturing shutdowns across multiple facilities to create artificial scarcity, thereby driving up the price of finished cotton goods globally.
220;2025.06.15;China;Business Conduct;Municipal officials arrested in connection with Heilongjiang Textile's illegal factory expansion permits;A corruption crackdown saw the arrest of city planning officials who allegedly accepted large bribes from Heilongjiang Textile Co., Ltd. to fast-track and approve construction permits for factories that did not meet zoning or environmental standards.
221;2024.07.20;UK;Business Conduct;Delhi Apparel & Exports cited by UK customs for large-scale undervaluation of garment batches;UK HM Revenue & Customs announced punitive action against Delhi Apparel & Exports Inc. for consistently declaring wholesale prices well below manufacturing cost to reduce duties on fast fashion imports.
222;2024.08.10;India;Business Conduct;Indian DGFT imposes ban on Delhi Apparel & Exports after fraudulent use of drawback schemes revealed;The Directorate General of Foreign Trade (DGFT) found that Delhi Apparel & Exports Inc. fraudulently claimed duty drawback on imported materials that were never actually used in export production, leading to their immediate suspension from trade benefits.
223;2024.09.02;UAE;Business Conduct;Customs in Dubai reject Delhi Apparel & Exports shipment contaminated with industrial hazardous material;A routine inspection discovered that boxes declared as finished apparel contained high volumes of packaging waste and potentially hazardous textile sludge, forcing the UAE to reject the entire shipment from Delhi Apparel & Exports Inc.
224;2024.09.28;Global Market;Business Conduct;Delhi Apparel & Exports implicated in coordinated retail price maintenance scheme with global distributors;Reports emerged suggesting Delhi Apparel & Exports Inc. illegally coordinated with major overseas retailers to fix minimum resale prices for their garments, violating anti-trust laws aimed at protecting consumer price competition.
225;2024.10.14;India;Business Conduct;Arrest warrants issued for Delhi Apparel & Exports CFO and customs clearing agent over bribery allegations;The Chief Financial Officer of Delhi Apparel & Exports Inc. is sought by police after evidence surfaced linking him to payments made to customs clearing agents to ensure undocumented goods passed through inspection points unchallenged.
226;2024.10.30;Japan;Business Conduct;Bangkok Textile Supply Group fined heavily by Japanese authorities for import tax evasion;Japan Customs levied a record fine against Bangkok Textile Supply Group, detailing how the company used shell invoices generated by an offshore entity to dramatically reduce the declared value of specialized synthetic fabrics.
227;2024.11.16;Thailand;Business Conduct;Bangkok Textile Supply Group under investigation for falsely claiming zero-rated VAT status on local sales;The Thai Revenue Department initiated an audit into Bangkok Textile Supply Group after uncovering evidence that domestic sales were falsely reported as exports to avoid paying value-added tax (VAT) obligations.
228;2024.12.04;Indonesia;Business Conduct;Indonesian ports refuse entry to Bangkok Textile shipment containing illegal non-biodegradable packing materials;A large consignment from Bangkok Textile Supply Group was halted at Jakarta Port because it contained vast quantities of undeclared, prohibited styrofoam and plastic textile packaging waste mixed with the legitimate cargo.
229;2024.12.20;Global Market;Business Conduct;Antitrust bodies review Bangkok Textile Supply Group's sudden acquisition of smaller dyeing houses;Competition regulators are closely examining the aggressive mergers and acquisitions by Bangkok Textile Supply Group, suspecting the moves are designed to fix regional textile finishing prices.
230;2025.01.09;Thailand;Business Conduct;Bangkok Textile Supply Group COO suspended amid allegations of paying off environmental regulators;The Chief Operating Officer (COO) was temporarily removed from their post pending an internal and governmental probe into accusations they bribed local environmental agency staff to ignore chronic water pollution violations.
231;2025.01.29;US;Business Conduct;Phu Quoc Textile & Trading placed on US high-risk list following massive import duty shortfall discovery;US customs added Phu Quoc Textile & Trading Ltd. to a watchlist after identifying systematic patterns of invoice manipulation resulting in the company paying significantly less duty than legally required on apparel imports.
232;2025.02.13;Vietnam;Business Conduct;Vietnamese customs suspends Phu Quoc Textile's export license over false product classification;Phu Quoc Textile & Trading Ltd. had its license frozen after investigations showed repeated attempts to misclassify finished goods as lower-tariff raw materials to reduce export taxes and secure favorable local incentives.
233;2025.03.04;Europe;Business Conduct;Major European textile importers issue health warning after Phu Quoc Textile shipments contain asbestos fibers;Several European nations issued a recall and health warning concerning textile products from Phu Quoc Textile & Trading Ltd. after laboratory tests confirmed the presence of undeclared, hazardous asbestos fibers in packaging and raw material insulation.
234;2025.03.21;Global Market;Business Conduct;Phu Quoc Textile executives accused of insider trading related to pending global polyester stock announcement;Regulatory bodies launched a probe into insider trading activities involving senior personnel at Phu Quoc Textile & Trading Ltd. who allegedly profited from manipulating information regarding global polyester stock availability.
235;2025.04.09;Vietnam;Business Conduct;Transport Ministry investigates Phu Quoc Textile for illegal payments to expedite rail freight;Officials in Vietnam are investigating Phu Quoc Textile & Trading Ltd. for allegedly bribing state-run rail managers to secure preferential, fast-track loading slots, displacing shipments from other, compliant companies.
236;2024.07.03;Mexico;Business Conduct;Qingdao Knitwear Enterprise targeted in North American operation against undervalued finished goods;Mexican, US, and Canadian customs agencies collaborated to identify Qingdao Knitwear Enterprise as a primary exporter using triple-layer invoicing to hide the true price of finished knitwear, drastically reducing tariffs.
237;2024.07.28;China;Business Conduct;Qingdao Knitwear penalized for inflating R&D expenditures to lower corporate income tax;The provincial finance department issued a penalty against Qingdao Knitwear Enterprise after confirming the company drastically over-reported internal research and development expenses specifically to reduce its taxable corporate income.
238;2024.08.17;Taiwan;Business Conduct;Taiwanese coast guard intercepts Qingdao Knitwear container filled with illegal used surgical masks and textile remnants;A shocking discovery was made when a container declared as 'miscellaneous goods' from Qingdao Knitwear Enterprise was found primarily to contain massive amounts of used face masks and non-recyclable industrial textile waste.
239;2024.09.07;Global Market;Business Conduct;Qingdao Knitwear Enterprise investigated for colluding to boycott smaller suppliers, controlling raw wool access;The company is facing scrutiny for allegedly coordinating with large competitors to collectively refuse purchasing raw wool from small, independent shepherds, forcing down acquisition prices unjustly.
240;2024.10.19;China;Business Conduct;Whistleblower reveals Qingdao Knitwear HR director hired family members into shell consulting roles;An internal audit was triggered at Qingdao Knitwear Enterprise after evidence emerged that the Human Resources Director created non-existent consulting positions to funnel company funds to unqualified family members.
241;2024.11.08;Italy;Business Conduct;Italian tax police dismantle Hangzhou Silk & Linen network tied to fake invoice generation;Italian law enforcement confirmed they broke up a sophisticated criminal ring aiding Hangzhou Silk & Linen (SA) in creating elaborate false invoices to systematically undervalue expensive silk and linen fabric imports into Milan.
242;2024.12.01;China;Business Conduct;Hangzhou Silk & Linen flagged for claiming premium certification rebates on standard quality materials;Hangzhou Silk & Linen (SA) is under investigation for allegedly submitting fraudulent documentation claiming their exported fabrics met premium organic standards, enabling them to claim high-value government environmental subsidies they did not qualify for.
243;2024.12.24;Middle East;Business Conduct;Consignment from Hangzhou Silk & Linen found contaminated with hazardous chemical residue in Gulf port;Customs officials in the Middle East reported that a shipment of fabric dyes from Hangzhou Silk & Linen (SA) was heavily contaminated with highly reactive, hazardous chemical residues, posing immediate danger to handlers.
244;2025.01.17;Global Market;Business Conduct;Hangzhou Silk & Linen facing lawsuit over monopolistic behavior in specialized fabric distribution;The company is being sued by smaller rivals who accuse Hangzhou Silk & Linen (SA) of using predatory pricing and exclusive dealing contracts with key logistics partners to box out competition in the specialized high-end fabric market.
245;2025.02.05;China;Business Conduct;Hangzhou Silk & Linen Sales Director implicated in luxury travel kickback scheme with large clients;The company's top Sales Director was placed on administrative leave after evidence showed they accepted lavish trips and gifts from major domestic buyers in exchange for highly favorable, non-standard contractual terms.
246;2025.02.24;France;Business Conduct;Padma Textile Co-operative shipments to France stopped over duty evasion via weight misrepresentation;French customs halted several shipments from Padma Textile Co-operative after confirming the Bangladesh-based exporter deliberately misstated the weight of textile bales to drastically reduce applicable tariffs.
247;2025.03.11;Bangladesh;Business Conduct;Padma Textile Co-operative faces regulatory action for inflating labor costs to claim higher export subsidies;The government is moving to reclaim improperly claimed export subsidies from Padma Textile Co-operative, which allegedly submitted falsified payroll data to exaggerate local value addition.
248;2025.03.30;India;Business Conduct;Indian environmental groups protest against Padma Textile Co-operative for cross-border dumping of hazardous fiber dust;Padma Textile Co-operative is accused of utilizing informal trade routes to illegally dump huge volumes of non-biodegradable synthetic fiber dust and sludge just across the border into neighboring Indian states.
249;2025.04.20;Global Market;Business Conduct;Padma Textile Co-operative suspected of coordinating with rivals to fix minimum garment assembly fees;An investigation is underway to determine if Padma Textile Co-operative engaged in illegal collusion with competitor factories to establish and enforce fixed minimum fees for garment assembly services, impacting global sourcing costs.
250;2025.05.08;Bangladesh;Business Conduct;Padma Textile Co-operative board member resigns following land acquisition corruption allegations;A senior board member of Padma Textile Co-operative resigned under pressure after being accused of using corrupt means, including bribery of local officials, to secure highly desirable, protected agricultural land for factory expansion.
