recommend_id;timestamp;region;country;recommend_desc;1;2025-11-24;South Asia;Bangladesh;Diversify cotton and linen sourcing away from Bangladesh to neighboring India/Pakistan to mitigate civil unrest and flood disruptions.
1.0;2025-11-23;All;Bangladesh;Diversify sourcing away from high‑risk Bangladeshi factories (e.g., Padma Textile) to alternative low‑risk suppliers in Vietnam or neighboring countries to mitigate storm‑related disruptions and safety incidents.;;;;;
2.0;2025-11-23;All;Bangladesh;"Implement real‑time monitoring of power and transport status in Bangladesh during monsoon season;require suppliers to provide backup generator and logistics contingency plans.";;;;;
3.0;2025-11-23;All;Bangladesh;"Require all Bangladeshi suppliers to complete third‑party safety audit and chemical‑management certification before contract renewal;link compliance to payment terms.";;;;;
4.0;2025-11-23;All;Italy;"Negotiate with Italian customs/quality agencies to pre‑validate Bangladeshi cotton shipments, reducing clearance delays;consider using ESG‑certified Bangladeshi producers to meet stricter standards.";;;;;
5.0;2025-11-23;All;Bangladesh;Prioritize contracts with Bangladeshi suppliers demonstrating ESG advances (solar, AI traceability, chemical‑free processes) and offer longer‑term volume commitments in exchange for guaranteed compliance and lower carbon footprint.;;;;;
1.0;2025-11-23;All;Bangladesh;"Proceed with caution for Bangladeshi button and linen suppliers;develop contingency logistics plans for storm‑related disruptions.";;;;;
2.0;2025-11-23;All;Bangladesh;"Pause new contracts with Padma Textile until safety audit resolves fire and chemical compliance issues;require corrective action plan.";;;;;
3.0;2025-11-23;All;Bangladesh;Diversify sourcing by adding alternative suppliers from neighboring low‑risk countries such as India and Vietnam for nylon and finishing chemicals.;;;;;
4.0;2025-11-23;All;Bangladesh;"Step up monitoring of ESG performance;prioritize suppliers like Rajshahi that demonstrate on‑site solar, AI traceability, and chemical‑free pre‑treatment.";;;;;
5.0;2025-11-23;All;Italy;"Engage Italian import regulators to clarify new inspection criteria;renegotiate lead times and embed compliance clauses for Bangladeshi cotton shipments.";;;;;
1.0;2025-11-24;All;Bangladesh;"Step up monitoring of Bangladeshi button and linen suppliers;establish weekly status calls to track storm impacts and transport bottlenecks, adjusting delivery schedules proactively.";;;;;
2.0;2025-11-24;All;Bangladesh;Diversify button and linen sourcing away from Bangladesh by qualifying at least two alternative suppliers in Vietnam or India to mitigate flood‑related disruption risk.;;;;;
3.0;2025-11-24;All;United States;"Proceed with existing Chinese cotton contracts;stable US tariff regime keeps landed cost predictable, but include a clause for periodic price review.";;;;;
4.0;2025-11-24;All;United States;Renegotiate contract terms with Chinese cotton suppliers to lock in current duty rates for the next 12 months, securing cost stability amid unchanged tariff environment.;;;;;
5.0;2025-11-24;All;Bangladesh;Implement a risk‑adjusted inventory buffer for button and linen components sourced from Bangladesh, adding 10‑15% safety stock to cover potential storm‑induced delays.;;;;;
1.0;2025-11-24;All;Bangladesh;Diversify away from Bangladesh for cotton/linen, increase buffer inventory, and engage alternative hubs such as Vietnam or India to mitigate infrastructure, safety, and labor risks.;;;;;
2.0;2025-11-24;All;China;Pause new contracts with high‑pollution Chinese cotton processors, prioritize organic/fair‑trade suppliers, and require third‑party compliance audits to address financing limits and child‑labor scandals.;;;;;
3.0;2025-11-24;All;Bangladesh;Renegotiate lead‑time and cost clauses with Bangladeshi cotton suppliers or shift to vendors meeting Italy’s stricter inspection standards to avoid clearance delays and higher logistics costs.;;;;;
4.0;2025-11-24;All;Germany;Step up monitoring of nylon suppliers, secure sustainability certifications, and consider sourcing nylon from lower‑tariff regions such as Turkey or Eastern Europe to offset Germany’s new tariffs.;;;;;
5.0;2025-11-24;All;Japan;"Proceed cautiously on Thai polyester yarn;lock in price contracts now and explore alternative polyester sources like South Korea to mitigate Japan’s temporary countervailing duties.";;;;;
1.0;2025-11-24;South Asia;Bangladesh;Diversify away from Bangladesh cotton and linen suppliers, build 2‑month buffer stock, and increase on‑site monitoring of infrastructure and labor risks.;;;;;
2.0;2025-11-24;East Asia;China;"Proceed with caution on Chinese cotton vendors;require verified ESG certifications, digital product passports, and embed sustainability penalties in contracts.";;;;;
3.0;2025-11-24;East Asia;Japan;Adjust material mix: source silk directly from Japan, shift polyester yarn to non‑Thai suppliers, and renegotiate pricing to offset new Japanese duties.;;;;;
4.0;2025-11-24;South Asia;India;Diversify nylon and dye supplies to Vietnam/Turkey, secure alternative cotton from Brazil, and monitor Indian power rationing to avoid production delays.;;;;;
5.0;2025-11-24;Europe;Germany;Verify cotton origin labels for German imports, source nylon from low‑tariff regions, and negotiate cost‑share for sustainability compliance fees.;;;;;
1.0;2025-11-24;South Asia;Bangladesh;"Diversify cotton sourcing away from Bangladesh, Pakistan, and India due to export duties, bans, and labor strikes;target alternative suppliers in Vietnam, Turkey, or Central Asia.";;;;;
2.0;2025-11-24;South Asia;India;"Increase inventory buffers for Indian nylon and silk inputs;monitor heat‑wave power cuts, crane failures, and rail protests, and secure secondary ports or air freight for critical shipments.";;;;;
3.0;2025-11-24;South Asia;Multiple;"Work with compliance to certify cotton origin, nylon sustainability, and button labeling per EU/Japan rules;prioritize suppliers already holding required certifications to avoid tariff penalties.";;;;;
4.0;2025-11-24;South Asia;Bangladesh;"Implement enhanced monitoring of Bangladesh button/linen suppliers;develop contingency logistics such as alternative transport routes and regional warehousing to offset storm‑induced power and transport disruptions.";;;;;
5.0;2025-11-24;South Asia;India;"Leverage Mumbai Textile Mills’ sustainability projects as a pilot;negotiate longer‑term contracts for banana‑fiber yarn and recycled textiles to secure compliant, resilient supply.";;;;;
1.0;2025-11-24;South Asia;Bangladesh;Diversify button and linen sourcing to lower‑risk countries (e.g., India, Vietnam) and increase safety stock to offset infrastructure‑damage‑related outages.;;;;;
2.0;2025-11-24;South Asia;Bangladesh;Step up labor‑unrest monitoring, engage local unions, and embed force‑majeure clauses in contracts to protect against strike‑induced export delays.;;;;;
3.0;2025-11-24;South Asia;Bangladesh;Mandate third‑party environmental audit of Padma Textile, require corrective‑action plan, and consider ESG‑certified alternatives such as Rajshahi for finishing chemicals.;;;;;
4.0;2025-11-24;Europe;Italy;Renegotiate with Italian buyers, add pre‑export quality checks, and allocate extra lead time to meet stricter inspection and customs clearance requirements.;;;;;
5.0;2025-11-24;Asia;China;Shift cotton procurement to organic suppliers like Urumqi Cotton & Thread, build buffer inventory, and monitor financing restrictions on high‑pollution processing.;;;;;
1.0;2025-11-24;South Asia;Bangladesh;Diversify cotton and linen supply away from Bangladesh by qualifying at least two alternative suppliers in India or Vietnam within 90 days to mitigate labor unrest and infrastructure disruptions.;;;;;
2.0;2025-11-24;South Asia;Bangladesh;"Implement quarterly third‑party safety and environmental audits for Padma Textile and other high‑risk Bangladeshi partners;require corrective action plans before any new purchase orders.";;;;;
3.0;2025-11-24;South Asia;Bangladesh;Increase safety stock of critical inputs (nylon, linen, buckles) by 20% and route shipments through alternative ports to buffer against storm‑related transport bottlenecks.;;;;;
4.0;2025-11-24;South Asia;Bangladesh;Renegotiate contracts with Bangladeshi suppliers to include penalty clauses for missed delivery due to strikes or power outages and incentives for achieving ESG milestones such as solar adoption.;;;;;
5.0;2025-11-24;South Asia;Bangladesh;"Establish a real‑time monitoring dashboard tracking labor strike alerts, weather forecasts, and Italian import inspection updates;trigger automatic order re‑routing when risk score exceeds threshold.";;;;;
1.0;2025-11-24;All;Bangladesh;"Diversify button and linen sourcing away from flood‑prone zones in Bangladesh;qualify alternative suppliers in Vietnam or India with robust infrastructure.";;;;;
2.0;2025-11-24;All;Bangladesh;"Increase monitoring of Padma Textile compliance;request third‑party audit on chemical handling and waste management before any contract renewal.";;;;;
3.0;2025-11-24;All;Bangladesh;"Negotiate contract clauses with Bangladeshi suppliers for force‑majeure due to storms and labor strikes;include penalty waivers and buffer inventory requirements.";;;;;
4.0;2025-11-24;All;Bangladesh;"Accelerate onboarding of Rajshahi Silk & Dyeing for sustainable cotton and silk;leverage their solar power and AI traceability to meet ESG buyer requirements.";;;;;
5.0;2025-11-24;All;Italy;Prepare for Italy’s stricter cotton quality inspections by pre‑qualifying Bangladeshi cotton shipments with third‑party lab certificates and adjusting lead times for customs clearance.;;;;;
1.0;2025-11-24;South Asia;Bangladesh;"Proceed with caution: increase safety audits for Padma Textile and other high‑risk factories;add contractual penalties for non‑compliance.";;;;;
2.0;2025-11-24;South Asia;Bangladesh;Diversify: shift 20% of button, linen, and nylon orders to alternative suppliers in Vietnam or India to mitigate storm‑related disruptions.;;;;;
3.0;2025-11-24;South Asia;Bangladesh;"Step up monitoring: implement real‑time weather and logistics tracking for Bangladeshi routes;maintain a 2‑week safety stock for at‑risk SKUs.";;;;;
4.0;2025-11-24;South Asia;Bangladesh;Prioritize ESG‑compliant partners: allocate new contracts to Rajshahi Silk & Dyeing and similar suppliers with solar, AI traceability, and chemical‑free processes.;;;;;
5.0;2025-11-24;South Asia;Bangladesh;Renegotiate terms with Italian buyers: negotiate extended lead times and shared compliance costs to offset stricter cotton inspections and higher clearance fees.;;;;;
1.0;2025-11-24;South Asia;Bangladesh;Diversify sourcing of cotton, linen, and nylon to alternative hubs such as India and Vietnam to mitigate Bangladesh labor unrest and weather‑related disruptions.;;;;;
2.0;2025-11-24;South Asia;Bangladesh;Step up monitoring of Padma Textile: require an independent third‑party audit, enforce corrective action plan, and suspend new orders until compliance is verified.;;;;;
3.0;2025-11-24;South Asia;Bangladesh;Prioritize contracts with Rajshahi Silk & Dyeing for sustainable fibers, leveraging their on‑site solar, AI traceability and coconut‑husk blends to satisfy ESG buyer criteria.;;;;;
4.0;2025-11-24;South Asia;Bangladesh;Create a 2‑3 month buffer stock of nylon and linen, and negotiate flexible delivery windows with logistics partners to cover storm‑induced shutdowns.;;;;;
5.0;2025-11-24;South Asia;Bangladesh;Engage Italian import authorities early, provide pre‑certified quality documentation, and develop dual‑sourcing options to reduce risk of inspection delays on Bangladeshi cotton.;;;;;
1.0;2025-11-24;South Asia;Bangladesh;"Diversify cotton and linen sourcing away from Bangladesh due to civil unrest and Italy inspections;add suppliers in India, Vietnam, and Pakistan.";;;;;
2.0;2025-11-24;South Asia;Bangladesh;Increase buffer inventory for nylon and button accessories, monitor storm forecasts, and secure alternative logistics routes to mitigate flood‑related outages in Bangladesh.;;;;;
3.0;2025-11-24;South Asia;Bangladesh;"Conduct accelerated compliance audits of Padma Textile and other high‑risk Bangladeshi suppliers;require corrective action plans before contract renewal.";;;;;
4.0;2025-11-24;South Asia;Bangladesh;Prioritize contracts with ESG‑advanced suppliers like Rajshahi Silk & Dyeing, leveraging their on‑site solar, AI traceability, and coconut‑husk fiber initiatives.;;;;;
5.0;2025-11-24;South Asia;Bangladesh;"Implement a real‑time risk monitoring dashboard for Bangladesh covering labor strikes, weather events, and regulatory changes;set trigger alerts to pause orders when disruption risk exceeds defined thresholds.";;;;;
;2025-11-25;All;All;;2;2025-11-24;South Asia;Bangladesh;Increase buffer inventory for nylon yarn and silk by 20% and secure alternative suppliers in Vietnam and China due to fire risk and transport bottlenecks in Bangladesh.
;2025-11-25;All;All;;3;2025-11-24;South Asia;Bangladesh;"Initiate quarterly compliance audits of Padma Textile and other high‑risk Bangladeshi partners;require corrective action plans for chemical releases and waste management before contract renewal."
;2025-11-25;All;All;;4;2025-11-24;South Asia;Bangladesh;"Negotiate contract clauses with Bangladeshi suppliers for penalty‑free order adjustments during storm‑induced power outages;include force‑majeure triggers linked to weather alerts."
;2025-11-25;All;All;;5;2025-11-24;South Asia;Bangladesh;"Leverage Rajshahi Silk & Dyeing’s ESG program to prioritize them for sustainable sourcing;request solar‑energy certificates and AI traceability data to meet Italy’s stricter import inspections."
